"district","hour","mode1","mode2","mode3"
"001","4am",919.593,325.15,2335.066
"002","4am",299.233,616.26,1087.817
"003","4am",661.498,640.403,2669.147
"004","4am",1766.915,918.373,5067.112
"005","4am",1736.906,987.82,3536.566
"006","4am",3081.298,6420.255,5071.992
"007","4am",1231.044,3029.494,2804.118
"008","4am",1577.796,3451.953,4270.949
"009","4am",1023.932,3990.936,5425.26
"010","4am",899.327,2093.371,2592.957
"011","4am",1423.292,2341.247,4280.124
"012","4am",1869.28,3740.228,4665.314
"013","4am",2783.118,5195.728,6122.567
"014","4am",581.871,1511.558,843.643
"015","4am",964.245,2916.775,1227.604
"016","4am",665.296,1002.499,663.087
"019","4am",724.171,6168.689,1922.996
"020","4am",1320.615,4281.126,2029.534
"021","4am",453.955,3242.193,1763.086
"022","4am",2095.839,8336.215,3724.926
"023","4am",2311.453,11987.664,2576.113
"024","4am",369.563,3764.74,586.562
"025","4am",970.865,7605.603,1411.681
"026","4am",631.6,4821.166,1539.053
"027","4am",1492.713,11552.104,2927.032
"028","4am",1331.66,7460.259,2206.135
"029","4am",726.966,3905.08,512.614
"030","4am",628.112,4028.02,236.359
"031","4am",1118.661,12011.661,3366.16
"033","4am",787.98,5577.01,1254.904
"034","4am",816.257,6700.829,1512.128
"035","4am",816.156,5395.441,889.536
"036","4am",325.442,2797.527,343.251
"037","4am",1614.466,12357.19,1607.234
"038","4am",375.192,6003.806,1071.939
"039","4am",2477.806,13456.183,936.657
"040","4am",117.367,12415.356,873.051
"041","4am",173.294,1817.015,230.896
"042","4am",344.895,11668.803,1332.748
"043","4am",262.933,4230.513,691.551
"044","4am",606.813,6083.832,257.719
"046","4am",45.35,7244.373,432.361
"047","4am",302.175,8051.992,573.698
"049","4am",437.513,8521.299,1092.839
"050","4am",544.989,7564.45,561.207
"052","4am",0,11865.492,2067.357
"054","4am",912.75,2256.713,1329.075
"055","4am",314.004,1990.117,493.984
"056","4am",574.837,2344.352,688.644
"057","4am",1815.485,5297.991,1753.671
"058","4am",2904.117,6330.068,2701.907
"059","4am",731.042,4349.943,644.031
"060","4am",339.705,7662.852,1115.788
"061","4am",213.12,8209.895,633.486
"062","4am",374.356,9422.086,455.478
"063","4am",192.39,6560.014,152.024
"064","4am",84.936,9226.944,769.55
"065","4am",243.424,9136.803,1025.293
"066","4am",574.131,9901.683,1026.257
"067","4am",665.013,7015.259,1204.329
"068","4am",552.143,3376.516,71.092
"069","4am",150.238,1698.726,99.941
"070","4am",1591.049,4137.016,2449.048
"071","4am",302.819,825.566,526.338
"072","4am",877.887,7287.846,2281.806
"073","4am",524.025,3340.645,1478.917
"074","4am",106.919,2783.802,571.319
"075","4am",326.856,4057.918,981.711
"076","4am",626.216,4249.015,274.977
"077","4am",1070.282,6886.076,1728.575
"078","4am",487.956,5078.933,348.698
"079","4am",186.912,2921.491,407.872
"080","4am",116.331,3341.029,392.626
"081","4am",0,3423.182,173.851
"082","4am",77,5059.006,487.889
"083","4am",76.5,3802.931,444.191
"001","5am",919.593,325.15,2307.379
"002","5am",299.233,616.26,1087.817
"003","5am",675.014,616.373,2621.087
"004","5am",1766.915,918.373,5067.112
"005","5am",1871.258,1073.891,3536.566
"006","5am",3158.083,6537.622,5001.792
"007","5am",1231.044,2892.825,2804.118
"008","5am",1486.049,3383.491,4344.166
"009","5am",802.057,3760.32,5425.26
"010","5am",969.527,2180.589,2629.741
"011","5am",1452.408,2414.464,4206.907
"012","5am",1896.967,3880.458,4665.314
"013","5am",2700.886,5277.96,6040.335
"014","5am",581.871,1476.15,827.291
"015","5am",884.243,3325.176,1198.488
"016","5am",639.852,986.314,663.087
"019","5am",724.171,6401.081,1922.996
"020","5am",1244.168,4315.784,2029.534
"021","5am",453.955,3562.85,1763.086
"022","5am",2095.839,8151.191,3724.926
"023","5am",2311.453,11901.394,2576.113
"024","5am",369.563,3764.74,586.562
"025","5am",970.865,7618.372,1411.681
"026","5am",664.801,5321.996,1539.053
"027","5am",1492.713,11643.605,2974.953
"028","5am",1331.66,7424.22,2206.135
"029","5am",809.881,3829.221,512.614
"030","5am",628.112,3854.947,236.359
"031","5am",1118.661,11644.928,3229.078
"033","5am",717.98,5449.03,1184.904
"034","5am",733.342,6561.631,1512.128
"035","5am",816.156,5429.901,889.536
"036","5am",307.392,3034.444,343.251
"037","5am",1684.466,12482.696,1607.234
"038","5am",375.192,6106.499,1071.939
"039","5am",2384.386,13580.992,936.657
"040","5am",117.367,12180.622,873.051
"041","5am",173.294,1741.937,230.896
"042","5am",344.895,12367.48,1332.748
"043","5am",224.766,4293.876,691.551
"044","5am",606.813,5971.549,257.719
"046","5am",45.35,7162.237,432.361
"047","5am",302.175,8022.813,573.698
"049","5am",324.066,8447.483,1092.839
"050","5am",490.451,7802.197,561.207
"052","5am",0,11429.183,2067.357
"054","5am",846.068,2256.713,1329.075
"055","5am",280.803,1990.117,493.984
"056","5am",557.949,2441.292,688.644
"057","5am",1844.985,5068.691,1753.671
"058","5am",2904.117,6101.594,2701.907
"059","5am",731.042,4282.51,644.031
"060","5am",339.705,7624.91,1115.788
"061","5am",213.12,8209.895,633.486
"062","5am",374.356,9422.086,455.478
"063","5am",192.39,6565.134,152.024
"064","5am",84.936,9147.709,769.55
"065","5am",243.424,9169.675,1025.293
"066","5am",574.131,9565.852,1026.257
"067","5am",665.013,7122.374,1204.329
"068","5am",552.143,3334.917,71.092
"069","5am",150.238,1657.958,99.941
"070","5am",1515.954,3914.655,2449.048
"071","5am",291.668,835.244,515.187
"072","5am",877.887,7234.591,2281.806
"073","5am",524.025,3286.945,1478.917
"074","5am",106.919,2673.725,571.319
"075","5am",326.856,4057.918,937.603
"076","5am",626.216,4249.015,227.056
"077","5am",1081.433,6925.203,1798.575
"078","5am",597.724,4943.485,348.698
"079","5am",186.912,2878.853,407.872
"080","5am",116.331,3230.969,392.626
"081","5am",0,3423.182,173.851
"082","5am",77,5254.21,487.889
"083","5am",76.5,3768.8,444.191
"001","6am",784.464,358.351,2254.292
"002","6am",358.834,785.889,1071.22
"003","6am",789.213,616.373,2543.973
"004","6am",1657.274,950.035,5003.367
"005","6am",1871.258,1141.881,3457.922
"006","6am",2958.768,6015.194,4931.592
"007","6am",1185.876,2758.352,2837.319
"008","6am",1486.049,3383.061,4414.366
"009","6am",659.011,3760.32,5303.124
"010","6am",1173.074,2366.531,2555.587
"011","6am",1452.408,2408.802,4010.756
"012","6am",1972.062,3647.03,4677.516
"013","6am",2474.327,4800.408,5983.651
"014","6am",543.473,1673.525,794.397
"015","6am",967.559,3913.596,1198.488
"016","6am",639.852,903.935,663.087
"019","6am",724.171,6290.559,1948.396
"020","6am",1181.332,4295.166,2000.87
"021","6am",764.58,4465.663,1992.997
"022","6am",2193.405,7377.736,3724.926
"023","6am",2387.9,11247.425,2576.113
"024","6am",369.563,3796.704,586.562
"025","6am",970.865,7542.506,1411.681
"026","6am",664.801,5088.91,1460.782
"027","6am",1520.482,11400.728,2974.953
"028","6am",1391.261,7042.964,2206.135
"029","6am",812.881,3657.063,471.946
"030","6am",544.574,3481.074,236.359
"031","6am",1208.661,10517.965,3092.584
"033","6am",646.16,5388.357,1184.904
"034","6am",733.342,6372.57,1512.128
"035","6am",750.656,5389.469,889.536
"036","6am",307.392,3765.511,343.251
"037","6am",1638.696,12680.459,1607.234
"038","6am",375.192,6396.935,1071.939
"039","6am",2384.386,13092.435,936.657
"040","6am",0,12017.74,873.051
"041","6am",147.517,1744.176,200.133
"042","6am",344.895,12292.373,1332.748
"043","6am",224.766,4421.028,691.551
"044","6am",606.813,5559.051,257.719
"046","6am",45.35,6955.634,432.361
"047","6am",228.604,7965.078,573.698
"049","6am",133.568,8334.022,1092.839
"050","6am",490.451,7786.134,561.207
"052","6am",0,10803.705,2067.357
"054","6am",812.71,2194.151,1329.075
"055","6am",280.803,1916.914,460.783
"056","6am",453.35,2362.576,688.644
"057","6am",1675.286,4928.583,1753.671
"058","6am",2664.063,6357.095,2701.907
"059","6am",650.824,4224.5,644.031
"060","6am",179.139,7877.369,1115.788
"061","6am",66.787,7347.687,568.675
"062","6am",374.356,9065.795,394.199
"063","6am",192.39,6036.545,240.137
"064","6am",84.936,8501.076,624.552
"065","6am",243.424,7980.586,1025.293
"066","6am",456.795,8961.862,1026.257
"067","6am",518.751,6959.53,1270.222
"068","6am",540.744,3339.446,82.916
"069","6am",133.623,1579.675,99.941
"070","6am",1630.106,3794.975,2402.297
"071","6am",434.714,1118.068,483.171
"072","6am",910.267,7202.075,2281.806
"073","6am",434.361,3197.281,1478.917
"074","6am",106.919,2591.226,536.859
"075","6am",326.856,4255.253,937.603
"076","6am",575.663,4381.582,227.056
"077","6am",1081.433,7015.571,1798.575
"078","6am",375.391,4565.021,348.698
"079","6am",144.274,2850.606,407.872
"080","6am",81.998,3085.951,392.626
"081","6am",0,3292.537,173.851
"082","6am",38.5,5170.184,487.889
"083","6am",76.5,3470.031,444.191
"001","7am",657.305,429.741,1897.908
"002","7am",1366.805,1285.666,1336.129
"003","7am",1201.864,990.214,2469.961
"004","7am",3442.393,1256.493,5497.699
"005","7am",1895.023,1268.067,3174.936
"006","7am",2266.305,5651.549,4273.372
"007","7am",1208.031,2776.268,3056.27
"008","7am",1779.832,3721.988,4300.151
"009","7am",972.102,3827.722,5209.782
"010","7am",1908.016,3391.717,2479.023
"011","7am",1837.689,3203.849,3467.974
"012","7am",3066.978,4060.781,4674.951
"013","7am",3252.778,4438.662,6270.999
"014","7am",467.424,2130.083,701.949
"015","7am",1003.019,6434.275,1475.129
"016","7am",657.566,1238.612,612.189
"019","7am",1051.512,5949.384,2002.609
"020","7am",1301.158,4669.138,1675.704
"021","7am",1364.006,5868.827,2419.808
"022","7am",1337.595,5823.97,3317.325
"023","7am",2218.859,8953.073,2317.554
"024","7am",355.183,3472.607,621.097
"025","7am",443.005,6004.172,1243.08
"026","7am",997.006,4609.166,1431.929
"027","7am",1303.155,11051.434,2487.584
"028","7am",891.546,6282.18,1949.894
"029","7am",2607.209,5947.019,709.347
"030","7am",488.723,2909.959,236.359
"031","7am",719.233,8875.831,2914.46
"033","7am",1010.878,5953.776,1218.739
"034","7am",567.512,5520.791,1519.567
"035","7am",410.142,5834.298,980.118
"036","7am",200.947,7501.132,522.739
"037","7am",1403.859,12257.743,1607.234
"038","7am",142.557,5576.639,940.219
"039","7am",2036.607,11517.722,714.098
"040","7am",0,9237.772,875.243
"041","7am",140.939,1442.96,174.356
"042","7am",587.612,9802.397,1364.393
"043","7am",166.187,4372.637,649.665
"044","7am",288.539,4283.463,257.719
"046","7am",45.35,5756.032,424.321
"047","7am",147.142,6617.883,573.698
"049","7am",66.784,6665.094,1026.055
"050","7am",63.532,7196.107,611.808
"052","7am",0,8907.69,1991.681
"054","7am",462.53,2650.47,1192.553
"055","7am",100.005,1808.673,425.956
"056","7am",303.152,2264.055,638.847
"057","7am",2565.506,4647.88,1712.193
"058","7am",2094.909,6011.353,2236.74
"059","7am",608.133,3233.32,515.958
"060","7am",79.541,6821.919,925.291
"061","7am",66.787,6142.386,437.077
"062","7am",122.558,6579.275,332.92
"063","7am",72.168,5517.08,325.073
"064","7am",0,6824.96,624.552
"065","7am",243.424,7427.061,1065.4
"066","7am",133.118,7238.518,1412.709
"067","7am",286.806,6964.249,1036.369
"068","7am",320.233,2598.121,80.242
"069","7am",11.824,1557.957,99.941
"070","7am",2517.487,4215.273,2127.952
"071","7am",728.516,1541.168,507.395
"072","7am",598.053,7294.074,2025.902
"073","7am",413.669,2603.104,1292.85
"074","7am",48.306,2563.327,536.4
"075","7am",233.802,4318.211,956.457
"076","7am",286.516,3371.835,227.056
"077","7am",1066.099,6090.486,1872.23
"078","7am",809.651,3411.356,462.145
"079","7am",72.137,2265.264,279.958
"080","7am",0,3064.212,339.087
"081","7am",0,2939.091,118.814
"082","7am",38.5,4398.215,292.609
"083","7am",35.714,3127.555,478.322
"001","8am",1189.501,1066.22,1948.785
"002","8am",2255.566,2461.443,1740.804
"003","8am",2644.849,2385.359,2786.826
"004","8am",3613.355,1610.086,4867.445
"005","8am",1980.111,1426.642,3189.554
"006","8am",2475.133,6761.226,4028.897
"007","8am",1131.307,2897.646,2993.324
"008","8am",1778.249,3275.487,4012.805
"009","8am",1009.88,4242.241,4006.519
"010","8am",4514.452,5021.934,4184.916
"011","8am",2122.976,3437.09,3016.787
"012","8am",3704.981,3612.001,4253.025
"013","8am",2938.411,4016.127,5612.844
"014","8am",534.212,2543.092,669.325
"015","8am",1309.915,10326.902,1520.433
"016","8am",634.211,1805.775,805.488
"019","8am",1211.597,5342.979,2508.019
"020","8am",1081.485,4678,2165.478
"021","8am",2990.944,7879.847,2738.281
"022","8am",1205.9,5660.062,2294.9
"023","8am",2454.259,7841.973,2057.142
"024","8am",423.645,3591.757,574.772
"025","8am",280.382,5010.917,1466.738
"026","8am",1222.635,5476.786,1535.24
"027","8am",1025.624,8785.774,2514.803
"028","8am",684.786,4844.614,1634.057
"029","8am",4721.068,7782.144,1457.641
"030","8am",390.365,1936.95,269.041
"031","8am",812.52,7472.432,2778.554
"033","8am",1015.973,4993,1227.161
"034","8am",404.55,4125.3,1367.674
"035","8am",415.975,5352.1,1000.691
"036","8am",239.413,11834.019,568.536
"037","8am",1389.7,14387.581,1466.712
"038","8am",235.977,5440.766,852.182
"039","8am",1673.034,11128.13,655.067
"040","8am",117.615,8208.494,919.204
"041","8am",37.737,1205.758,186.581
"042","8am",622.072,9597.034,1839.02
"043","8am",166.187,5124.471,578.535
"044","8am",288.539,3553.177,333.803
"046","8am",45.35,5070.104,378.971
"047","8am",0,5519.519,534.729
"049","8am",0,5917.841,690.792
"050","8am",0,6765.382,773.841
"052","8am",104.211,6823.286,1977.87
"054","8am",321.906,2905.725,1188.778
"055","8am",173.094,1759.943,575.105
"056","8am",303.152,2105.826,610.068
"057","8am",2453.722,5623.771,1731.052
"058","8am",1776.203,5582.088,2508.255
"059","8am",635.811,3356.134,462.187
"060","8am",137.052,6366.385,966.513
"061","8am",66.787,5656.446,438.197
"062","8am",80.478,5024.776,377.839
"063","8am",30.2,5085.341,283.105
"064","8am",32.38,6475.671,709.488
"065","8am",71.282,6363.571,1406.889
"066","8am",249.668,6229.169,1389.863
"067","8am",540.077,6625.417,1152.184
"068","8am",364.826,3084.863,148.786
"069","8am",45.182,1856.74,99.941
"070","8am",3338.072,3606.709,1984.148
"071","8am",1422.177,2567.79,548.394
"072","8am",631.846,6604.868,1945.166
"073","8am",345.963,1942.267,1392.037
"074","8am",143.72,3404.336,448.107
"075","8am",174.088,4252.714,1002.821
"076","8am",326.126,2828.708,281.274
"077","8am",1963.04,7971.671,1562.032
"078","8am",801.02,2921.017,570.923
"079","8am",85.262,1422.176,305.344
"080","8am",0,2228.869,360.88
"081","8am",0,2746.872,150.805
"082","8am",0,3873.39,292.609
"083","8am",0,2620.504,604.488
"001","9am",1522.812,1210.335,1760.403
"002","9am",2815.071,2684.936,1876.352
"003","9am",3191.534,3061.445,2850.937
"004","9am",4331.873,1944.824,5114.939
"005","9am",2268.014,1764.907,2969.866
"006","9am",2542.177,6752.84,3393.643
"007","9am",1241.66,2782.134,3004.867
"008","9am",1725.309,3520.894,4634.163
"009","9am",1410.146,4374.524,3909.758
"010","9am",5681.672,5641.912,4316.108
"011","9am",2183.843,3447.011,2797.359
"012","9am",3403.687,3492.454,4097.267
"013","9am",2839.206,4705.625,5085.481
"014","9am",611.8,2448.357,672.534
"015","9am",1753.116,11919.359,1553.884
"016","9am",567.128,2128.941,790.591
"019","9am",1156.336,5770.11,2406.442
"020","9am",933.738,4665.752,2285.661
"021","9am",4097.984,8149.348,2981.825
"022","9am",769.986,4678.023,2509.846
"023","9am",2389.045,6875.723,2689.822
"024","9am",273.715,3873.332,471.167
"025","9am",289.062,4522.248,1312.432
"026","9am",1096.244,6457.812,1259.915
"027","9am",839.206,8067.961,2154.33
"028","9am",593.161,4747.501,1569.475
"029","9am",5224.261,9589.421,1569.703
"030","9am",368.422,1931.808,269.041
"031","9am",812.52,7679.738,2778.554
"033","9am",952.975,4725.232,1143.321
"034","9am",308.389,4476.452,1026.117
"035","9am",360.352,6449.728,916.443
"036","9am",255.696,13594.713,568.536
"037","9am",1347.948,15332.69,1466.712
"038","9am",235.977,5282.829,749.015
"039","9am",1953.877,10852.496,1112.74
"040","9am",117.615,8324.154,866.528
"041","9am",19.199,1106.313,174.356
"042","9am",726.017,8538.491,2016.183
"043","9am",124.118,5309.973,563.565
"044","9am",288.539,3399.128,257.719
"046","9am",45.35,4444.574,590.655
"047","9am",0,5221.136,275.107
"049","9am",145.911,6348.269,1045.124
"050","9am",21.793,6594.098,675.728
"052","9am",233.326,6308.976,1444.413
"054","9am",352.106,3008.567,1184.23
"055","9am",173.094,1606.187,497.162
"056","9am",467.559,2070.687,505.469
"057","9am",2347.386,5970.669,1863.705
"058","9am",1805.703,5352.332,2025.849
"059","9am",699.27,3145.65,462.187
"060","9am",137.052,5846.276,943.864
"061","9am",66.787,5007.161,623.342
"062","9am",80.478,4619.906,545.316
"063","9am",30.2,5245.541,325.073
"064","9am",32.38,6289.813,970.591
"065","9am",71.282,5784.081,1406.889
"066","9am",376.668,5914.209,1262.863
"067","9am",395.351,6615.476,1229.481
"068","9am",356.121,3297.961,148.786
"069","9am",45.182,3490.144,99.941
"070","9am",3208.203,3050.462,1883.56
"071","9am",1678.373,2452.656,757.021
"072","9am",592.476,5832.335,1844.014
"073","9am",296.249,1935.62,1360.027
"074","9am",220.981,3701.747,423.954
"075","9am",206.992,4471.7,984.445
"076","9am",339.178,2135.711,382.381
"077","9am",2030.384,9803.739,1518.233
"078","9am",758.396,2637.77,570.923
"079","9am",42.624,1309.651,258.763
"080","9am",21.793,2021.254,469.671
"081","9am",0,2437.971,150.805
"082","9am",0,3953.653,292.609
"083","9am",0,2735.926,604.488
"001","10am",1482.268,1366.923,1766.357
"002","10am",2852.534,2889.866,1974.373
"003","10am",3567.099,3297.807,2997.558
"004","10am",5234.829,2090.249,5560.528
"005","10am",2200.446,1817.771,3134.702
"006","10am",2307.642,7250.632,3339.676
"007","10am",1430.128,2885.915,2714.759
"008","10am",1249.542,3100.732,4974.654
"009","10am",1406.009,4272.533,3931.079
"010","10am",6110.642,5471.882,4738.119
"011","10am",2123.975,3304.283,2491.195
"012","10am",3090.365,3360.947,4304.124
"013","10am",2895.973,4249.268,4238.233
"014","10am",593.715,2398.109,620.631
"015","10am",1751.37,12568.251,1634.751
"016","10am",534.758,1975.587,814.257
"019","10am",1197.317,5631.264,2462.877
"020","10am",739.781,5041.888,2172.224
"021","10am",3185.398,8432.933,3147.659
"022","10am",876.239,4660.485,2344.48
"023","10am",2358.334,6564.304,2544.96
"024","10am",375.098,3734.45,436.632
"025","10am",248.55,4463.922,1146.85
"026","10am",1055.732,7996.433,1432.251
"027","10am",1067.511,7502.911,2033.108
"028","10am",525.21,4587.893,1717.489
"029","10am",5852.753,10255.968,1562.311
"030","10am",331.638,1764.991,291.753
"031","10am",812.52,8340.178,2962.056
"033","10am",894.759,4022.602,1353.391
"034","10am",349.423,4126.212,961.051
"035","10am",229.352,6282.9,922.777
"036","10am",283.465,13672.752,617.852
"037","10am",1426.009,14837.539,1582.482
"038","10am",147.504,5898.226,591.764
"039","10am",2081.283,11168.1,1731.409
"040","10am",117.615,7490.441,1080.17
"041","10am",19.199,1341.905,186.581
"042","10am",742.614,8572.046,2052.98
"043","10am",180.974,4903.281,605.451
"044","10am",288.539,4031.611,255.781
"046","10am",45.35,4567.566,575.158
"047","10am",27.687,5832.876,325.491
"049","10am",188.535,6444.539,974.378
"050","10am",0,6282.123,621.19
"052","10am",104.211,6774.091,1361.492
"054","10am",428.228,2941.794,1147.748
"055","10am",173.094,1596.316,430.387
"056","10am",342.715,1850.272,510.431
"057","10am",2358.703,6592.969,1690.344
"058","10am",1448.222,4305.61,1810.046
"059","10am",579.988,3303.475,462.187
"060","10am",33.358,5955.082,1128.583
"061","10am",66.787,4866.965,839.558
"062","10am",80.478,4362.468,500.397
"063","10am",30.2,4884.412,351.193
"064","10am",32.38,5750.554,970.591
"065","10am",0,5688.479,1748.378
"066","10am",376.668,5835.206,1329.422
"067","10am",174.438,6819.782,1162.052
"068","10am",332.872,3715.661,259.086
"069","10am",11.824,2514.219,146.756
"070","10am",3040.884,3569.011,1697.509
"071","10am",1814.323,2588.748,703.931
"072","10am",760.791,5917.34,1606.71
"073","10am",395.677,1805.03,1406.431
"074","10am",255.516,3418.642,449.686
"075","10am",184.276,4159.338,1131.267
"076","10am",287.112,2119.99,295.446
"077","10am",1610.034,9467.5,1581.674
"078","10am",715.772,2432.93,539.103
"079","10am",42.624,1115.352,287.672
"080","10am",0,1901.146,540.05
"081","10am",33.778,2593.72,204.055
"082","10am",0,3630.003,334.61
"083","10am",0,2659.38,604.488
"001","11am",1874.403,1234.992,2046.074
"002","11am",2600.25,2454.114,2254.597
"003","11am",3694.044,3370.319,3560.514
"004","11am",4935.875,1702.205,5085.103
"005","11am",2149.933,1642.702,3367.328
"006","11am",2686.907,6966.183,3488.668
"007","11am",1408.162,2516.927,2714.84
"008","11am",1592.914,3233.033,4804.872
"009","11am",1388.712,4408.963,3727.673
"010","11am",5257.154,5414.796,4928.247
"011","11am",2045.87,2987.128,2812.407
"012","11am",3050.097,3953.607,4789.851
"013","11am",3049.242,4123.37,4180.627
"014","11am",543.526,2332.864,826.726
"015","11am",1681.905,12043.252,1775.335
"016","11am",731.476,1853.212,778.617
"019","11am",1149.088,5335.883,2537.109
"020","11am",654.621,5250.089,2444.34
"021","11am",3137.209,8098.723,3142.71
"022","11am",804.784,4459.336,2568.166
"023","11am",2737.255,6197.3,2475.694
"024","11am",315.738,3738.7,544.319
"025","11am",312.553,3982.044,1083.153
"026","11am",1138.935,7745.511,1297.674
"027","11am",992.416,6905.764,2173.011
"028","11am",547.588,4622.243,1822.634
"029","11am",5639.44,9403.7,1658.677
"030","11am",292.959,2026.023,305.825
"031","11am",585.745,8372.094,3140.868
"033","11am",917.364,4245.119,1315.983
"034","11am",421.65,4976.278,961.051
"035","11am",163.852,6361.615,867.154
"036","11am",324.152,13258.881,677.061
"037","11am",2161.334,15257.877,1400.597
"038","11am",201.588,5534.19,626.153
"039","11am",2158.919,10204.65,1824.829
"040","11am",38.167,8679.08,1061.632
"041","11am",19.199,1115.488,192.894
"042","11am",708.154,9127.8,1841.407
"043","11am",276.223,5191.132,563.565
"044","11am",108.981,3811.076,436.064
"046","11am",0,5084.768,575.158
"047","11am",27.687,5207.882,325.491
"049","11am",216.222,6035.788,981.379
"050","11am",0,6450.235,554.406
"052","11am",104.211,6832.925,1240.857
"054","11am",458.462,3141.81,1199.388
"055","11am",207.921,1530.614,430.387
"056","11am",455.753,2044.689,461.355
"057","11am",2575.858,5762.659,1768.804
"058","11am",1970.784,4745.385,2041.224
"059","11am",460.815,3431.769,527.589
"060","11am",33.358,6340.587,1240.938
"061","11am",66.787,5194.906,774.747
"062","11am",80.478,4623.872,549.418
"063","11am",30.2,4776.897,351.193
"064","11am",155.664,5996.911,927.158
"065","11am",0,5362.142,1527.437
"066","11am",376.668,5354.903,1500.135
"067","11am",174.438,7017.27,1150.232
"068","11am",374.471,3146.441,146.481
"069","11am",202.321,2007.359,146.756
"070","11am",2613.414,3285.332,1713.471
"071","11am",1936.025,2491.191,714.43
"072","11am",709.356,5970.673,1497.927
"073","11am",216.848,2143.022,1384.578
"074","11am",182.675,3336.443,473.839
"075","11am",142.362,4056.618,1128.962
"076","11am",424.6,2155.46,295.446
"077","11am",1740.52,9761.504,2012.598
"078","11am",789.883,2662.229,507.283
"079","11am",42.624,1358.112,270.59
"080","11am",0,1917.284,590.85
"081","11am",33.778,1932.233,204.563
"082","11am",0,3618.827,262.498
"083","11am",0,2828.031,519.108
"001","12am",1424.081,888.381,2985.372
"002","12am",1731.349,2500.134,2910.37
"003","12am",3321.941,2630.972,4959.131
"004","12am",4730.148,1500.48,5749.143
"005","12am",2526.113,1794.88,3885.474
"006","12am",2604.627,5688.451,4159.769
"007","12am",1321.908,3165.822,2433.37
"008","12am",1487.803,2727.824,5110.726
"009","12am",1280.95,3854.31,4198.897
"010","12am",3911.73,4902.133,5584.41
"011","12am",1726.53,2710.468,3848.642
"012","12am",2368.729,3654.986,4361.932
"013","12am",3121.958,3957.553,4678.721
"014","12am",496.495,2432.475,862.467
"015","12am",1778.27,10788.993,2373.659
"016","12am",824.579,1621.663,785.421
"019","12am",964.361,5327.855,2275.415
"020","12am",580.897,5239.326,2470.715
"021","12am",2961.37,8118.919,2983.165
"022","12am",1213.638,5293.059,2763.669
"023","12am",2745.177,6960.875,1924.933
"024","12am",137.532,3392.637,676.42
"025","12am",521.749,4976.544,1019.15
"026","12am",759.712,6097.395,1686.218
"027","12am",1185.869,7210.145,2606.036
"028","12am",612.17,4608.589,1914.259
"029","12am",4343.593,7062.582,3216.41
"030","12am",267.167,2326.538,275.038
"031","12am",722.827,8212.987,3159.97
"033","12am",941.859,4736.232,1355.448
"034","12am",561.664,4948.052,1104.956
"035","12am",194.639,5966.055,832.145
"036","12am",228.936,11440.306,862.987
"037","12am",2193.714,16420.475,1527.165
"038","12am",147.504,5474.066,676.894
"039","12am",1866.695,10688.091,1704.963
"040","12am",217.294,8872.802,1321.566
"041","12am",37.737,1596.438,322.248
"042","12am",709.402,8376.179,1873.604
"043","12am",219.367,4915.47,563.565
"044","12am",36.327,4833.393,369.345
"046","12am",0,5309.109,575.158
"047","12am",27.687,5703.667,201.536
"049","12am",216.222,6987.71,992.014
"050","12am",0,6312.413,499.868
"052","12am",104.211,7515.369,1323.778
"054","12am",461.62,2753.371,1145.617
"055","12am",263.493,1706.095,505.482
"056","12am",410.154,1961.28,534.969
"057","12am",2295.261,5499.4,1774.979
"058","12am",1732.396,5254.274,2269.698
"059","12am",331.133,3287.145,661.953
"060","12am",33.358,6615.682,1240.938
"061","12am",133.574,5208.545,709.936
"062","12am",80.478,5124.503,549.418
"063","12am",114.136,4842.699,351.193
"064","12am",155.664,6818.485,927.158
"065","12am",0,6045.949,1406.889
"066","12am",376.668,6382.918,1395.981
"067","12am",348.876,6569.412,1004.35
"068","12am",374.471,3474.649,146.481
"069","12am",300.159,2180.995,146.756
"070","12am",2576.531,3308.909,1812.364
"071","12am",1469.561,2440.675,829.596
"072","12am",582.556,6164.969,1743.771
"073","12am",216.848,2365.843,1451.515
"074","12am",111.721,2600.122,538.475
"075","12am",291.589,4107.804,1114.58
"076","12am",359.282,2622.852,380.344
"077","12am",1355.861,9615.601,2353.052
"078","12am",723.099,2836.571,464.992
"079","12am",0,1489.579,265.755
"080","12am",0,2438.04,647.498
"081","12am",33.778,1904.329,204.563
"082","12am",0,3879.082,262.498
"083","12am",0,2955.319,478.322
"001","1pm",1797.989,823.639,2880.769
"002","1pm",1791.888,2603.619,3408.005
"003","1pm",2978.552,3454.427,5027.572
"004","1pm",4359.18,1759.697,7156.482
"005","1pm",2179.607,1867.568,3173.487
"006","1pm",3006.259,6479.972,4277.964
"007","1pm",1691.996,3226.652,2771.179
"008","1pm",1531.251,2294.754,4616.081
"009","1pm",966.467,3450.093,4142.671
"010","1pm",3839.744,4583.236,7138.001
"011","1pm",1652.463,2592.578,3582.725
"012","1pm",2307.714,2906.762,3640.234
"013","1pm",3320.705,4254.561,5106.944
"014","1pm",524.656,2486.199,935.068
"015","1pm",1908.051,11463.147,1989.658
"016","1pm",796.614,1765.566,773.537
"019","1pm",853.839,5230.104,2852.28
"020","1pm",542.842,5325.19,2668.179
"021","1pm",2845.884,8235.015,2781.663
"022","1pm",1092.121,5040.411,2812.39
"023","1pm",2088.517,6278.733,1606.178
"024","1pm",137.532,3876.759,871.125
"025","1pm",344.459,4742.707,957.39
"026","1pm",847.025,6004.483,1551.777
"027","1pm",1247.788,6805.087,2477.989
"028","1pm",674.829,3873.795,1888.962
"029","1pm",4681.39,7682.966,4046.716
"030","1pm",140.848,1975.236,350.501
"031","1pm",458.504,7301.68,2930.185
"033","1pm",873.89,4802.067,1444.37
"034","1pm",561.664,4028.125,961.051
"035","1pm",163.852,5884.697,857.537
"036","1pm",206.299,12474.639,1080.715
"037","1pm",2161.334,15970.543,1626.998
"038","1pm",225.14,5055.918,626.153
"039","1pm",2085.687,10205.648,1869.984
"040","1pm",362.292,8629.928,1017.81
"041","1pm",52.309,1452.546,341.363
"042","1pm",715.11,8895.136,2010.462
"043","1pm",237.704,5346.952,566.932
"044","1pm",0,4548.518,660.112
"046","1pm",0,4474.464,527.41
"047","1pm",27.687,5881.825,201.536
"049","1pm",203.879,5689.353,1184.588
"050","1pm",98.113,6665.442,499.868
"052","1pm",29.116,6768.212,1323.778
"054","1pm",522.02,2781.219,1145.617
"055","1pm",259.062,1712.565,430.387
"056","1pm",413.626,2378.031,501.992
"057","1pm",2155.458,5591.786,1572.569
"058","1pm",1381.921,5039.838,2414.352
"059","1pm",300.256,3789.039,722.921
"060","1pm",33.358,6855.095,1240.971
"061","1pm",133.574,5103.878,707.96
"062","1pm",19.199,4943.695,332.92
"063","1pm",114.136,4517.724,215.017
"064","1pm",155.664,7117.179,953.851
"065","1pm",86.071,5840.685,1406.889
"066","1pm",376.668,5938.445,1395.981
"067","1pm",571.325,7121.743,1100.409
"068","1pm",374.471,3338.134,146.481
"069","1pm",109.662,1894.499,146.756
"070","1pm",2681.918,3204.668,1990.618
"071","1pm",1750.664,2327.436,905.39
"072","1pm",598.851,5217.789,1732.648
"073","1pm",266.562,1890.335,1365.217
"074","1pm",148.203,3671.087,508.299
"075","1pm",183.423,4212.621,1169.415
"076","1pm",311.361,2557.443,428.265
"077","1pm",1606.32,10468.655,1986.59
"078","1pm",723.099,2648.061,464.992
"079","1pm",34.334,1386.39,198.873
"080","1pm",0,2155.337,552.913
"081","1pm",67.556,2151.104,108.795
"082","1pm",0,3632.035,264.784
"083","1pm",0,3061.379,478.322
"001","2pm",1584.897,927.174,2886.315
"002","2pm",2100.647,2630.447,3440.054
"003","2pm",3836.112,3790.825,5484.99
"004","2pm",4512.14,1352.489,7648.285
"005","2pm",2174.333,1865.166,2719.554
"006","2pm",2999.871,6408.998,4490.274
"007","2pm",1492.234,3611.879,2376.998
"008","2pm",1477.679,2462.986,4224.933
"009","2pm",1286.854,3442.754,4126.155
"010","2pm",4627.476,5083.053,6742.894
"011","2pm",1672.897,2792.825,3411.686
"012","2pm",2476.792,2469.487,3945.587
"013","2pm",2753.862,3958.925,5088.364
"014","2pm",544.853,2236.571,1017.173
"015","2pm",2045.938,12496.941,1855.29
"016","2pm",771.141,1577.809,764.257
"019","2pm",990.081,5310.828,2763.197
"020","2pm",633.837,4224.54,2651.729
"021","2pm",2737.904,7745.379,2453.301
"022","2pm",808.628,5029.452,1976.182
"023","2pm",2187.461,6221.099,1807.081
"024","2pm",106.623,3606.177,889.663
"025","2pm",239.944,4579.934,1546.904
"026","2pm",799.341,7092.127,1531.932
"027","2pm",1382.006,6237.277,2000.946
"028","2pm",584.441,4324.648,1790.264
"029","2pm",3924.258,7676.828,3969.634
"030","2pm",263.065,2254.434,276.933
"031","2pm",499.503,8078.123,2944.373
"033","2pm",909.888,5018.422,1204.07
"034","2pm",519.214,3606.632,1108.212
"035","2pm",163.852,5871.402,761.25
"036","2pm",285.896,13194.729,1112.906
"037","2pm",1881.772,14938.437,1471.784
"038","2pm",197.221,5023.275,714.626
"039","2pm",2672.483,9681.404,1835.595
"040","2pm",362.292,7800.679,875.382
"041","2pm",33.771,1317.662,312.947
"042","2pm",659.487,9347.003,1762.712
"043","2pm",274.488,4889.723,623.788
"044","2pm",0,4267.614,717.205
"046","2pm",0,3925.858,639.923
"047","2pm",27.687,5482.594,434.098
"049","2pm",203.879,6506.002,1412.356
"050","2pm",98.113,6113.071,445.33
"052","2pm",29.116,6444.174,1704.151
"054","2pm",384.074,2428.056,946.505
"055","2pm",200.363,1733.1,535.867
"056","2pm",359.588,2673.096,501.992
"057","2pm",2177.994,5702.992,1695.853
"058","2pm",1173.814,5293.137,1913.628
"059","2pm",423.54,3593.894,691.165
"060","2pm",33.358,6578.003,1032.398
"061","2pm",133.574,5054.693,767.886
"062","2pm",19.199,4879.924,332.92
"063","2pm",114.136,4764.481,215.017
"064","2pm",259.818,7559.992,953.851
"065","2pm",0,5766.314,1372.412
"066","2pm",503.668,5871.361,1158.709
"067","2pm",386.593,6884.944,936.921
"068","2pm",374.471,3362.646,94.145
"069","2pm",182.626,2419.553,141.965
"070","2pm",2745.315,3535.553,2034.973
"071","2pm",1999.373,2054.024,878.104
"072","2pm",618.864,5378.904,1997.113
"073","2pm",244.014,2075.465,1258.547
"074","2pm",314.875,3761.781,448.107
"075","2pm",95.207,4286.654,924.9
"076","2pm",210.254,2692.241,430.897
"077","2pm",1741.041,11361.802,1948.476
"078","2pm",539.566,2589.208,433.172
"079","2pm",34.334,1114.488,250.182
"080","2pm",0,1846.871,589.299
"081","2pm",67.556,2349.316,55.037
"082","2pm",0,3661.228,434.082
"083","2pm",40.786,3178.075,516.822
"001","3pm",1560.117,891.656,3883.001
"002","3pm",1940.374,2568.518,3318.39
"003","3pm",3548.334,3201.069,6038
"004","3pm",3766.281,1281.206,6951.845
"005","3pm",1749.356,1872.722,2617.101
"006","3pm",3689.777,6470.45,4946.756
"007","3pm",1060.688,3124.275,2433.353
"008","3pm",1676.145,2326.213,4680.966
"009","3pm",1150.229,3873.521,3795.794
"010","3pm",4562.817,5382.628,6897.015
"011","3pm",2012.589,2957.061,2716.047
"012","3pm",2063.082,2649.237,3812.242
"013","3pm",2554.926,3160.085,4667.424
"014","3pm",520.055,2112.335,888.197
"015","3pm",1402.43,12092.637,1956.404
"016","3pm",734.354,1590.582,739.702
"019","3pm",1132.861,4800.42,2635.905
"020","3pm",493.74,3795.346,2212.107
"021","3pm",3053.349,7765.41,2436.31
"022","3pm",892.695,4038.324,2523.155
"023","3pm",2461.84,6385.613,1633.196
"024","3pm",106.623,3430.312,641.885
"025","3pm",337.058,5020.311,1064.583
"026","3pm",905.221,7087.94,1761.716
"027","3pm",1630.822,5498.885,2360.679
"028","3pm",666.85,4370.518,1894.413
"029","3pm",4315.318,7162.753,3651.321
"030","3pm",323.179,2024.14,207.467
"031","3pm",803.487,8232.863,3181.877
"033","3pm",722.682,5135.962,1635.899
"034","3pm",490.92,3567.018,1033.278
"035","3pm",284.975,6049.13,858.57
"036","3pm",198.377,12572.009,946.843
"037","3pm",2097.146,15374.883,1428.701
"038","3pm",197.221,5274.214,749.015
"039","3pm",2135.534,10779.257,1307.007
"040","3pm",433.506,7557.739,808.049
"041","3pm",33.771,1386.735,343.71
"042","3pm",743.735,8940.377,1815.535
"043","3pm",263.377,5276.311,596.872
"044","3pm",0,4159.395,660.112
"046","3pm",0,4188.549,639.923
"047","3pm",27.687,4605.767,602.885
"049","3pm",221.038,7011.815,1365.693
"050","3pm",98.113,6157.201,600.739
"052","3pm",29.116,6399.943,1527.334
"054","3pm",321.94,2397.543,915.525
"055","3pm",200.363,1568.466,693.9
"056","3pm",550.423,2520.791,472.492
"057","3pm",2324.944,6733.112,1517.52
"058","3pm",1184.126,6086.037,1830.91
"059","3pm",274.78,3426.497,616.175
"060","3pm",33.358,6092.549,932.8
"061","3pm",66.787,5450.042,618.837
"062","3pm",19.199,4910.902,332.92
"063","3pm",176.445,5240.764,256.985
"064","3pm",227.438,7317.203,887.484
"065","3pm",0,4602.988,1332.078
"066","3pm",503.668,6372.936,1092.15
"067","3pm",452.486,7207,749.536
"068","3pm",348.037,3367.022,94.145
"069","3pm",109.662,2806.746,111.765
"070","3pm",2433.667,3264.083,1927.682
"071","3pm",1746.76,2114.569,961.942
"072","3pm",583.851,4885.171,1796.897
"073","3pm",200.839,2539.299,1246.654
"074","3pm",314.875,3754.71,423.954
"075","3pm",95.207,3813.816,976.481
"076","3pm",137.488,2590.421,600.335
"077","3pm",1490.016,12016.63,1652.193
"078","3pm",571.608,2739.702,401.352
"079","3pm",80.915,1112.719,212.012
"080","3pm",0,2045.801,511.38
"081","3pm",67.556,2599.068,55.037
"082","3pm",0,4323.425,506.769
"083","3pm",40.786,3341.659,446.655
"001","4pm",1341.465,907.179,3542.367
"002","4pm",1730.384,2388.69,2833.776
"003","4pm",2844.223,2695.177,6123.877
"004","4pm",2963.877,1218.328,6800.005
"005","4pm",1243.683,1482.651,2633.242
"006","4pm",3030.121,6560.682,5475.534
"007","4pm",1323.282,3397.036,2273.277
"008","4pm",1468.959,2569.729,4646.588
"009","4pm",932.246,3257.39,3722.205
"010","4pm",3567.546,4882.198,5816.961
"011","4pm",1804.868,2590.949,3894.689
"012","4pm",2108.977,2094.434,3905.851
"013","4pm",2457.163,3482.92,4913.623
"014","4pm",638.986,2221.074,829.337
"015","4pm",1188.957,8725.768,1525.148
"016","4pm",480.885,1390.897,840.589
"019","4pm",475.546,4691.276,2627.43
"020","4pm",875.33,4194.754,2572.139
"021","4pm",2593.15,6399.428,2591.958
"022","4pm",1319.848,4030.184,2662.362
"023","4pm",2582.416,8106.42,2152.758
"024","4pm",106.623,2722.223,717.683
"025","4pm",455.795,4302.62,1139.411
"026","4pm",984.584,6754.524,1349.027
"027","4pm",1983.592,6307.48,2739.571
"028","4pm",896.139,4367.688,1845.883
"029","4pm",3537.972,6785.693,3490.666
"030","4pm",381.927,2746.977,244.251
"031","4pm",1026.424,7672.044,3316.855
"033","4pm",925.953,4364.397,1802.224
"034","4pm",834.448,3935.75,1093.088
"035","4pm",453.343,5769.215,930.695
"036","4pm",193.662,10814.39,1043.355
"037","4pm",1316.466,15092.289,1174.129
"038","4pm",474.646,6652.486,826.651
"039","4pm",1588.269,10781.854,1400.427
"040","4pm",117.367,7550.213,1210.272
"041","4pm",90.311,1858.323,249.434
"042","4pm",609.032,8134.568,1712.085
"043","4pm",202.971,4961.847,494.763
"044","4pm",250.999,4197.334,730.828
"046","4pm",0,4906.594,657.294
"047","4pm",27.687,5488.023,507.669
"049","4pm",334.485,7245.219,1274.106
"050","4pm",63.532,6212.123,668.208
"052","4pm",0,7866.336,1789.908
"054","4pm",385.067,2155.29,1035.425
"055","4pm",200.363,1484.33,693.9
"056","4pm",525.885,2628.344,551.068
"057","4pm",2096.631,6025.51,1832.43
"058","4pm",1853.814,5883.858,2137.553
"059","4pm",281.348,3556.607,792.189
"060","4pm",33.358,5682.269,1358.252
"061","4pm",128.502,6277.995,563.603
"062","4pm",0,5273.21,332.92
"063","4pm",176.445,4609.404,256.985
"064","4pm",123.284,7880.959,953.851
"065","4pm",0,5534.161,1332.078
"066","4pm",310.109,6747.172,1323.97
"067","4pm",605.598,6618.749,1230.765
"068","4pm",280.184,3292.021,67.326
"069","4pm",52.592,2170.957,164.862
"070","4pm",2284.816,3316.561,2339.085
"071","4pm",1168.659,1891.627,836.47
"072","4pm",667.04,5638.282,1808.199
"073","4pm",121.712,2711.95,1454.206
"074","4pm",243.1,3728.044,449.686
"075","4pm",414.643,3801.007,1020.589
"076","4pm",221.79,2306.29,647.961
"077","4pm",1361.018,11594.406,1728.606
"078","4pm",614.232,3012.871,413.389
"079","4pm",80.915,1518.669,394.563
"080","4pm",0,2447.243,530.586
"081","4pm",66.277,2443.741,122.593
"082","4pm",38.5,4193.429,549.436
"083","4pm",137.518,3466.044,446.655
"001","5pm",1421.458,775.894,2725.784
"002","5pm",1419.196,1719.923,2120.022
"003","5pm",1610.592,2141.617,5289.973
"004","5pm",2551.89,1135.641,6618.338
"005","5pm",1696.282,1424.344,3038.056
"006","5pm",2677.94,6485.239,5338.22
"007","5pm",851.695,2820.549,2699.964
"008","5pm",1033.133,2666.803,4260.149
"009","5pm",768.318,3502.229,4474.691
"010","5pm",2676.604,3715.269,4274.631
"011","5pm",1212.971,2399.867,3327.834
"012","5pm",1797.235,1998.905,3891.56
"013","5pm",2680.478,3920.689,5547.797
"014","5pm",774.192,1727.5,748.75
"015","5pm",1188.076,5405.32,1762.74
"016","5pm",466.366,1291.992,690.144
"019","5pm",618.098,5009.099,2328.582
"020","5pm",1077.52,3641.978,2540.418
"021","5pm",1823.725,4582.861,2166.951
"022","5pm",1702.2,5190.568,3189.727
"023","5pm",2594.074,8533.322,2656.676
"024","5pm",218.088,3386.118,548.401
"025","5pm",874.689,5242.571,1418.419
"026","5pm",419.982,7070.21,1638.639
"027","5pm",1633.012,8453.763,2886.646
"028","5pm",1200.802,4927.811,1716.719
"029","5pm",2621.227,5565.551,1569.378
"030","5pm",440.654,3626.862,275.038
"031","5pm",1187.932,9868.04,3166.389
"033","5pm",818.869,4874.954,1719.52
"034","5pm",885.023,4204.168,1339.628
"035","5pm",451.16,7186.547,1198.775
"036","5pm",152.975,7497.108,723.916
"037","5pm",1914.799,14247.488,1548.185
"038","5pm",459.298,5693.052,949.077
"039","5pm",1508.678,10978.233,1400.427
"040","5pm",117.367,9874.471,1213.481
"041","5pm",127.293,2135.872,223.657
"042","5pm",349.019,10023.24,1529.544
"043","5pm",140.811,4816.288,472.363
"044","5pm",318.274,4448.407,803.482
"046","5pm",0,5515.323,612.037
"047","5pm",0,5994.115,461.218
"049","5pm",455.711,8002.329,1472.716
"050","5pm",63.532,6918.336,408.556
"052","5pm",101.57,10101.756,1774.882
"054","5pm",647.059,2049.859,1169.569
"055","5pm",231.63,1431.202,615.193
"056","5pm",638.923,2311.638,683.566
"057","5pm",1399.432,6589.629,1890.108
"058","5pm",2205.153,5678.819,2330.239
"059","5pm",437.941,3975.704,702.417
"060","5pm",339.705,5998.66,1394.525
"061","5pm",213.12,6995.494,630.39
"062","5pm",215.87,6213.065,332.92
"063","5pm",146.245,5481.292,260.162
"064","5pm",274.587,8320.662,1038.787
"065","5pm",157.353,6519.878,990.589
"066","5pm",406.018,8236.166,1196.97
"067","5pm",584.272,7158.275,1448.058
"068","5pm",263.328,3588.263,25.727
"069","5pm",105.184,2370.409,140.709
"070","5pm",1706.122,2934.535,2488.457
"071","5pm",788.624,1607.903,607.473
"072","5pm",903.868,5591.489,2544.854
"073","5pm",243.412,2868.945,1460.961
"074","5pm",165.839,3349.455,521.318
"075","5pm",287.601,3264.864,1005.902
"076","5pm",315.341,2520.299,466.142
"077","5pm",1322.035,9841.156,2071.964
"078","5pm",571.206,3478.045,423.142
"079","5pm",139.419,2267.488,348.152
"080","5pm",40.999,2813.467,478.455
"081","5pm",66.277,3034.019,165.111
"082","5pm",77,4356.892,305.165
"083","5pm",40.786,2885.735,487.441
"001","6pm",1133.276,721.331,2619.44
"002","6pm",558.547,1251.04,1546.058
"003","6pm",1587.361,1348.39,4866.934
"004","6pm",2352.784,974.045,5333.383
"005","6pm",1936.36,1345.297,4041.874
"006","6pm",2519.605,5702.483,4360.209
"007","6pm",1081.612,3226.471,2723.25
"008","6pm",1261.288,2772.974,4840.158
"009","6pm",937.757,3784.761,4568.54
"010","6pm",1905.54,3173.773,3342.758
"011","6pm",1404.424,2433.618,3511.237
"012","6pm",1736.068,2411.763,4328.853
"013","6pm",2983.737,4052.526,6032.12
"014","6pm",527.121,1678.404,925.967
"015","6pm",921.998,4935.817,1659.064
"016","6pm",500.937,1141.572,752.686
"019","6pm",652.671,4963.355,2078.19
"020","6pm",1159.416,4113.931,2592.204
"021","6pm",1744.195,3897.299,1946.548
"022","6pm",1904.853,6879.038,3790.995
"023","6pm",3190.622,11400.798,2466.418
"024","6pm",291.873,3204.535,552.483
"025","6pm",1057.048,6305.23,1609.709
"026","6pm",480.834,6477.419,1326.256
"027","6pm",1636.886,10558.487,3538.273
"028","6pm",1469.662,5119.743,1821.388
"029","6pm",1303.008,4681.572,878.864
"030","6pm",593.479,4129.6,236.359
"031","6pm",1643.678,10860.169,3194.158
"033","6pm",796.933,6057.565,1390.466
"034","6pm",803.564,5368.53,1476.921
"035","6pm",590.069,6951.671,1083.178
"036","6pm",256.986,4522.878,685.643
"037","6pm",1672.834,11934.484,1679.921
"038","6pm",424.909,6627.188,1218.353
"039","6pm",2043.968,10991.126,1030.077
"040","6pm",178.167,12640.055,1063.321
"041","6pm",115.068,2064.12,217.344
"042","6pm",268.02,11763.664,1482.793
"043","6pm",239.553,5025.259,688.395
"044","6pm",503.211,5361.3,652.875
"046","6pm",0,6427.393,597.157
"047","6pm",81.462,6867.953,469.109
"049","6pm",582.278,8198.337,1309.94
"050","6pm",490.451,7630.008,576.541
"052","6pm",96.732,10515.653,1836.179
"054","6pm",833.607,2114.97,1267.096
"055","6pm",327.204,1731.489,493.24
"056","6pm",600.85,2180.588,634.606
"057","6pm",1829.104,6158.088,1596.381
"058","6pm",2690.751,5968.181,2854.658
"059","6pm",574.512,3919.876,745.108
"060","6pm",339.705,6843.501,1335.337
"061","6pm",277.931,7427.445,565.579
"062","6pm",379.864,7770.381,455.478
"063","6pm",104.277,5937.575,83.936
"064","6pm",151.303,9512.605,775.855
"065","6pm",243.424,7900.423,984.959
"066","6pm",701.131,9169.334,1153.257
"067","6pm",653.609,7092.668,1357.441
"068","6pm",488.513,3523.893,71.092
"069","6pm",141.161,1731.519,124.094
"070","6pm",1788.494,3230.72,2268.174
"071","6pm",447.406,923.104,598.959
"072","6pm",1129.073,6729.407,2619.374
"073","6pm",420.611,2496.002,1474.931
"074","6pm",93.073,2844.123,530.836
"075","6pm",260.549,4478.254,1074.404
"076","6pm",575.662,3405.934,362.403
"077","6pm",1023.455,8138.223,1792.593
"078","6pm",560.367,4050.576,391.322
"079","6pm",161.356,2360.346,407.872
"080","6pm",81.998,3380.8,492.86
"081","6pm",53.758,2757.977,173.851
"082","6pm",115.5,4948.099,404.465
"083","6pm",76.5,3274.518,444.191
"001","7pm",1021.667,912.569,2753.397
"002","7pm",576.861,880.067,1577.761
"003","7pm",1159.363,1485.844,3145.709
"004","7pm",2029.045,1379.559,5270.633
"005","7pm",2007.431,1445.736,3649.714
"006","7pm",2759.115,6625.161,4437.667
"007","7pm",1212.32,3049.741,3006.086
"008","7pm",1527.009,2960.638,4555.411
"009","7pm",816.669,3674.707,5112.974
"010","7pm",1428.645,2341.053,3033.009
"011","7pm",1470.415,2976.423,3771.968
"012","7pm",1813.037,3158.757,4562.006
"013","7pm",2942.998,5295.69,5762.193
"014","7pm",560.015,1694.484,991.755
"015","7pm",1232.408,3625.472,1551.604
"016","7pm",696.165,990.601,696.012
"019","7pm",762.569,4839.632,1819.843
"020","7pm",1446.287,4202.307,2446.816
"021","7pm",1612.09,3578.966,2216.847
"022","7pm",2288.29,7227.796,4141.57
"023","7pm",2898.612,11294.806,2296.843
"024","7pm",330.49,3267.416,590.644
"025","7pm",984.282,6587.855,1545.749
"026","7pm",480.834,5711.845,1392.833
"027","7pm",1549.913,11473.455,3257.32
"028","7pm",1642.913,6355.013,2354.591
"029","7pm",1029.341,4735.02,687.367
"030","7pm",623.146,3951.697,236.359
"031","7pm",1748.211,11903.578,3467.146
"033","7pm",642.762,6153.328,1302.579
"034","7pm",903.856,6329.644,1599.698
"035","7pm",676.285,6330.36,1029.407
"036","7pm",312.247,4117.087,390.282
"037","7pm",1820.96,13153.192,1679.921
"038","7pm",424.909,6167.583,1252.742
"039","7pm",2384.386,12672.678,1030.077
"040","7pm",323.165,11373.595,873.051
"041","7pm",261.754,2406.697,243.121
"042","7pm",344.895,12329.582,1482.793
"043","7pm",281.622,4210.037,592.809
"044","7pm",637.761,6018.806,508.718
"046","7pm",0,6994.882,432.361
"047","7pm",155.033,7018.811,484.618
"049","7pm",497.296,8521.425,1127.724
"050","7pm",490.451,7941.402,561.207
"052","7pm",25.4,12090.223,1753.258
"054","7pm",943.45,2077.203,1390.12
"055","7pm",367.206,1992.901,458.413
"056","7pm",529.238,2550.531,664.106
"057","7pm",1636.262,5957.796,1639.021
"058","7pm",2814.753,6582.045,3002.059
"059","7pm",693.868,4116.851,644.031
"060","7pm",419.246,7802.488,1255.796
"061","7pm",279.907,7400.167,568.675
"062","7pm",374.356,8640.452,455.478
"063","7pm",104.277,6012.204,152.024
"064","7pm",84.936,9420.426,854.486
"065","7pm",243.424,8215.599,944.852
"066","7pm",574.131,9798.664,1153.257
"067","7pm",665.013,7328.229,1270.222
"068","7pm",528.894,3376.791,71.092
"069","7pm",174.391,1755.055,124.094
"070","7pm",1573.056,3981.082,2307.083
"071","7pm",591.261,977.081,588.445
"072","7pm",1086.989,7554.546,2396.421
"073","7pm",474.311,3135.023,1474.931
"074","7pm",93.073,3012.856,571.319
"075","7pm",290.406,3812.369,981.711
"076","7pm",626.216,4007.322,449.338
"077","7pm",1139.746,6939.622,1924.215
"078","7pm",477.152,4471.569,348.698
"079","7pm",203.994,2847.647,450.51
"080","7pm",138.124,3576.22,426.959
"081","7pm",32.499,3147.49,173.851
"082","7pm",77,4979.998,454.277
"083","7pm",76.5,3568.274,444.191
"001","8pm",1208.123,1227.996,3050.231
"002","8pm",556.712,975.443,1312.417
"003","8pm",1129.589,1343.247,3158.974
"004","8pm",2171.983,1974.357,5374.848
"005","8pm",1973.136,1241.129,3475.981
"006","8pm",2661.228,6331.383,5045.712
"007","8pm",1280.922,3055.291,2754.24
"008","8pm",1527.009,3114.429,4204.442
"009","8pm",737.84,4636.841,5566.248
"010","8pm",1079.475,2324.889,3293.724
"011","8pm",1473.628,3260.599,4156.314
"012","8pm",1775.898,3297.976,4562.402
"013","8pm",2710.486,5087.988,6115.357
"014","8pm",565.519,1881.865,892.981
"015","8pm",1140.81,3630.783,1252.159
"016","8pm",730.899,1052.264,712.197
"019","8pm",772.231,4894.611,1819.843
"020","8pm",1457.084,3955.969,2462.639
"021","8pm",1018.743,3402.951,2199.303
"022","8pm",2241.29,7643.012,4000.904
"023","8pm",2489.715,12191.298,2400.997
"024","8pm",330.49,3542.983,590.644
"025","8pm",970.865,7448.955,1466.083
"026","8pm",521.346,5177.952,1471.104
"027","8pm",1600.721,11658.754,3098.114
"028","8pm",1769.363,7141.022,2270.717
"029","8pm",922.03,4335.665,565.363
"030","8pm",715.507,3979.038,236.359
"031","8pm",1474.047,12963.2,3439.377
"033","8pm",692.18,6065.321,1324.904
"034","8pm",846.757,6833.709,1599.698
"035","8pm",731.908,5852.207,973.784
"036","8pm",325.442,3938.669,390.282
"037","8pm",1820.96,13178.4,1607.234
"038","8pm",475.462,6343.792,1218.353
"039","8pm",2384.386,13792.064,936.657
"040","8pm",394.379,11137.838,944.265
"041","8pm",248.868,2258.035,243.121
"042","8pm",344.895,12688.124,1578.24
"043","8pm",224.766,4088.322,592.809
"044","8pm",637.761,6582.551,508.718
"046","8pm",45.35,7289.723,432.361
"047","8pm",155.033,7562.999,484.618
"049","8pm",437.513,8843.127,1067.941
"050","8pm",544.989,8154.072,561.207
"052","8pm",25.4,11949.835,2067.357
"054","8pm",943.45,2182.11,1329.075
"055","8pm",405.122,2090.337,493.984
"056","8pm",616.949,2799.882,688.644
"057","8pm",1641.234,5445.264,1817.354
"058","8pm",2727.044,6568.433,2683.813
"059","8pm",677.271,4257.728,644.031
"060","8pm",419.246,7916.069,1255.796
"061","8pm",279.907,7433.907,633.486
"062","8pm",374.356,8728.083,455.478
"063","8pm",192.39,6479.967,152.024
"064","8pm",84.936,9408.324,769.55
"065","8pm",243.424,8497.498,1025.293
"066","8pm",574.131,9746.433,1153.257
"067","8pm",665.013,7393.196,1357.441
"068","8pm",552.143,3272.673,71.092
"069","8pm",174.391,1592.953,99.941
"070","8pm",1545.103,4288.081,2408.175
"071","8pm",689.585,975.127,588.445
"072","8pm",1037.275,7054.903,2277.088
"073","8pm",577.725,3644.727,1474.931
"074","8pm",141.379,3046.369,571.319
"075","8pm",326.856,3846.413,1020.782
"076","8pm",626.216,4077.504,401.417
"077","8pm",1002.144,6278.209,1756.344
"078","8pm",562.4,4851.835,348.698
"079","8pm",203.994,2868.487,407.872
"080","8pm",138.124,3519.283,426.959
"081","8pm",32.499,3245.356,173.851
"082","8pm",77,4871.53,526.389
"083","8pm",76.5,3837.359,444.191
"001","9pm",1461.182,953.588,3004.02
"002","9pm",587.712,875.066,1400.268
"003","9pm",1062.197,1516.658,3425.836
"004","9pm",2078.317,1961.515,5508.988
"005","9pm",1929.278,1456.264,3378.358
"006","9pm",2809.821,6385.28,4944.284
"007","9pm",1231.044,3217.866,2704.362
"008","9pm",1826.155,3196.744,4181.157
"009","9pm",880.886,4814.195,5461.527
"010","9pm",974.795,2331.496,3018.64
"011","9pm",1486.794,3187.446,4302.748
"012","9pm",2084.216,3741.574,4559.009
"013","9pm",2907.844,5297.979,5879.9
"014","9pm",664.103,1684.613,951.981
"015","9pm",965.464,3395.447,1381.274
"016","9pm",681.481,954.278,712.197
"019","9pm",772.231,5385.926,1853.324
"020","9pm",1457.084,3726.133,2317.253
"021","9pm",805.432,3080.004,2173.457
"022","9pm",2089.8,8632.369,3696.604
"023","9pm",2489.715,11609.773,2812.834
"024","9pm",407.724,3795.388,590.644
"025","9pm",970.865,7756.099,1466.083
"026","9pm",661.377,4793.557,1471.104
"027","9pm",1704.666,11348.392,2817.699
"028","9pm",1404.877,7319.938,2270.717
"029","9pm",821.066,3991.241,565.363
"030","9pm",715.507,3990.015,236.359
"031","9pm",1245.101,12876.343,3366.16
"033","9pm",692.18,5909.438,1324.904
"034","9pm",846.757,7217.561,1599.698
"035","9pm",731.908,5820.482,889.536
"036","9pm",325.442,3534.136,343.251
"037","9pm",1750.96,12891.017,1607.234
"038","9pm",424.909,6463.322,1218.353
"039","9pm",2384.386,14359.395,936.657
"040","9pm",333.579,11193.885,944.265
"041","9pm",248.868,2171.006,243.121
"042","9pm",344.895,12692.774,1389.604
"043","9pm",262.933,4170.737,592.809
"044","9pm",637.761,6628.487,508.718
"046","9pm",45.35,7213.996,432.361
"047","9pm",155.033,7759.907,573.698
"049","9pm",532.762,8356.007,1134.725
"050","9pm",544.989,7926.124,674.654
"052","9pm",25.4,11898.299,2067.357
"054","9pm",946.608,2270.075,1359.275
"055","9pm",405.122,2199.111,493.984
"056","9pm",616.949,2785.795,664.106
"057","9pm",1700.835,5619.817,1876.955
"058","9pm",3057.367,6077.254,2683.813
"059","9pm",717.38,4257.911,644.031
"060","9pm",419.246,8199.91,1115.788
"061","9pm",279.907,7820.533,633.486
"062","9pm",374.356,9064.09,455.478
"063","9pm",192.39,6325.746,152.024
"064","9pm",84.936,9554.433,769.55
"065","9pm",243.424,8698.487,1025.293
"066","9pm",574.131,9817.703,1026.257
"067","9pm",665.013,7472.182,1357.441
"068","9pm",575.392,3409.901,71.092
"069","9pm",174.391,1627.729,99.941
"070","9pm",1545.103,4453.124,2611.494
"071","9pm",510.583,1029.008,853.365
"072","9pm",967.075,7405.791,2376.844
"073","9pm",577.725,3655.922,1560.246
"074","9pm",106.919,2921.213,571.319
"075","9pm",326.856,3984.4,1020.782
"076","9pm",626.216,4248.948,401.417
"077","9pm",1071.608,6656.147,1728.575
"078","9pm",562.4,4766.587,348.698
"079","9pm",203.994,3000.978,407.872
"080","9pm",138.124,3518.553,426.959
"081","9pm",0,3417.719,173.851
"082","9pm",149.112,5298.841,526.389
"083","9pm",76.5,3907.204,444.191
"001","10pm",1455.73,691.87,3148.281
"002","10pm",599.496,667.889,1229.387
"003","10pm",1009.173,1553.034,3445.415
"004","10pm",2042.637,1666.54,5633.177
"005","10pm",1898.973,1623.364,3534.378
"006","10pm",3019.284,6499.41,4944.284
"007","10pm",1231.044,3239.167,2704.362
"008","10pm",1894.617,3180.993,4463.578
"009","10pm",880.886,4558.394,5490.215
"010","10pm",842.228,2211.089,2682.341
"011","10pm",1473.009,3187.446,4403.225
"012","10pm",2156.982,4129.189,4513.93
"013","10pm",2907.844,5316.087,6011.46
"014","10pm",664.103,1613.92,892.981
"015","10pm",965.464,3117.779,1356.719
"016","10pm",681.481,1095.209,663.087
"019","10pm",724.171,5762.422,2013.576
"020","10pm",1383.451,3767.034,2367.854
"021","10pm",623.239,2947.957,1962.604
"022","10pm",2222.367,9063.949,3595.836
"023","10pm",2388.714,11725.878,2812.834
"024","10pm",407.724,3681.208,625.179
"025","10pm",970.865,7759.165,1411.681
"026","10pm",661.377,4808.47,1471.104
"027","10pm",1808.611,11737.061,2817.699
"028","10pm",1331.66,7641.519,2206.135
"029","10pm",821.066,4035.36,547.272
"030","10pm",715.507,4061.348,236.359
"031","10pm",1245.101,12632.637,3366.16
"033","10pm",842.18,5750.542,1324.904
"034","10pm",846.757,6846.88,1599.698
"035","10pm",765.508,5703.019,889.536
"036","10pm",325.442,3251.823,343.251
"037","10pm",1750.96,12798.354,1607.234
"038","10pm",424.909,6425.161,1218.353
"039","10pm",2384.386,14148.763,936.657
"040","10pm",262.365,11669.097,944.265
"041","10pm",248.868,2061.347,243.121
"042","10pm",344.895,12188.436,1332.748
"043","10pm",262.933,4272.216,691.551
"044","10pm",857.812,6397.263,370.002
"046","10pm",45.35,7244.373,432.361
"047","10pm",155.033,8065.946,573.698
"049","10pm",532.762,8497.455,1206.286
"050","10pm",544.989,7806.21,561.207
"052","10pm",25.4,12071.659,2067.357
"054","10pm",946.608,2305.063,1359.275
"055","10pm",405.122,2114.762,493.984
"056","10pm",616.949,2636.052,688.644
"057","10pm",1755.884,5623.65,1876.955
"058","10pm",3057.367,5965.173,2683.813
"059","10pm",771.151,4446.405,644.031
"060","10pm",419.246,8214.64,1115.788
"061","10pm",279.907,8079.777,633.486
"062","10pm",374.356,9362.585,455.478
"063","10pm",192.39,6518.452,152.024
"064","10pm",84.936,9660.122,769.55
"065","10pm",243.424,8778.928,1025.293
"066","10pm",574.131,9960.071,1026.257
"067","10pm",665.013,7599.973,1357.441
"068","10pm",575.392,3343.534,71.092
"069","10pm",174.391,1639.553,99.941
"070","10pm",1618.736,4499.875,2611.494
"071","10pm",526.718,916.323,853.365
"072","10pm",967.075,7525.679,2470.75
"073","10pm",524.025,3752.049,1560.246
"074","10pm",106.919,2896.415,571.319
"075","10pm",326.856,4023.471,981.711
"076","10pm",643.02,4039.65,401.417
"077","10pm",1135.555,6946.01,1728.575
"078","10pm",562.4,4862.047,348.698
"079","10pm",203.994,3013.225,407.872
"080","10pm",138.124,3590.228,426.959
"081","10pm",0,3462.203,173.851
"082","10pm",149.112,5337.341,526.389
"083","10pm",76.5,3942.918,444.191
"001","11pm",1163.031,503.83,3029.963
"002","11pm",489.728,651.293,1339.155
"003","11pm",860.58,713.117,3167.426
"004","11pm",1808.01,1256.324,6009.523
"005","11pm",1817.307,1439.115,3551.443
"006","11pm",3168.169,6575.384,5045.712
"007","11pm",1231.044,3175.902,2804.118
"008","11pm",1787.15,3400.728,4463.578
"009","11pm",880.886,4499.73,5433.116
"010","11pm",842.228,2170.931,2540.307
"011","11pm",1473.009,2723.556,4628.203
"012","11pm",1995.101,4076.105,4551.499
"013","11pm",2962.916,5517.287,6285.692
"014","11pm",664.103,1838.614,810.749
"015","11pm",965.464,3057.723,1227.604
"016","11pm",681.481,1028.842,663.087
"019","11pm",804.297,5779.854,2013.576
"020","11pm",1383.451,4018.36,2305.018
"021","11pm",623.239,3200.293,1939.988
"022","11pm",2025.095,9046.896,3961.857
"023","11pm",2388.714,11555.224,2680.267
"024","11pm",407.724,3628.124,625.179
"025","11pm",970.865,7598.001,1411.681
"026","11pm",661.377,4878.001,1471.104
"027","11pm",1808.611,11894.736,2927.032
"028","11pm",1231.626,7817.018,2206.135
"029","11pm",946.067,4124.199,547.272
"030","11pm",752.291,4289.815,236.359
"031","11pm",1245.101,12611.965,3366.16
"033","11pm",900.396,5739.169,1324.904
"034","11pm",846.757,6769.192,1599.698
"035","11pm",765.508,5631.805,889.536
"036","11pm",325.442,3234.918,343.251
"037","11pm",1750.96,12710.023,1607.234
"038","11pm",424.909,6234.291,1218.353
"039","11pm",2384.386,14009.775,936.657
"040","11pm",262.365,11884.514,944.265
"041","11pm",248.868,2001.746,243.121
"042","11pm",344.895,12232.962,1332.748
"043","11pm",262.933,4272.216,691.551
"044","11pm",857.812,6251.979,370.002
"046","11pm",45.35,7320.1,432.361
"047","11pm",155.033,8404.461,573.698
"049","11pm",532.762,8394.732,1206.286
"050","11pm",544.989,7789.128,561.207
"052","11pm",25.4,12544.331,2067.357
"054","11pm",946.608,2329.755,1359.275
"055","11pm",367.206,2114.762,493.984
"056","11pm",574.837,2399.296,688.644
"057","11pm",1815.485,5717.382,1876.955
"058","11pm",3009.307,6439.836,2683.813
"059","11pm",771.151,4446.405,644.031
"060","11pm",419.246,8214.64,1115.788
"061","11pm",279.907,8381.495,633.486
"062","11pm",374.356,9570.659,455.478
"063","11pm",192.39,6492.648,152.024
"064","11pm",84.936,9658.659,769.55
"065","11pm",243.424,8926.798,1025.293
"066","11pm",574.131,10087.071,1026.257
"067","11pm",665.013,7532.544,1357.441
"068","11pm",575.392,3424.859,71.092
"069","11pm",174.391,1698.726,99.941
"070","11pm",1706.447,4375.207,2611.494
"071","11pm",387.087,719.166,674.363
"072","11pm",967.075,7669.702,2370.994
"073","11pm",524.025,3667.971,1483.799
"074","11pm",106.919,2896.415,571.319
"075","11pm",326.856,4027.523,981.711
"076","11pm",676.769,4320.9,401.417
"077","11pm",1209.21,6822.635,1728.575
"078","11pm",562.4,4946.703,348.698
"079","11pm",203.994,3074.489,407.872
"080","11pm",138.124,3655.607,426.959
"081","11pm",0,3450.951,173.851
"082","11pm",149.112,5296.555,526.389
"083","11pm",76.5,3949.573,444.191
"001","12pm",1153.449,500.516,2804.144
"002","12pm",365.585,863.565,1229.387
"003","12pm",880.953,723.59,3049.76
"004","12pm",1947.3,1120.387,5782.997
"005","12pm",1817.307,1439.115,3595.865
"006","12pm",3238.369,6639.862,5018.025
"007","12pm",1231.044,3175.902,2804.118
"008","12pm",1866.277,3554.365,4542.705
"009","12pm",1023.932,4617.515,5433.116
"010","12pm",842.228,2250.597,2540.307
"011","12pm",1473.009,2707.598,4602.969
"012","12pm",1927.72,3955.041,4694.144
"013","12pm",2865.35,5388.172,6444.664
"014","12pm",664.103,1746.811,1014.734
"015","12pm",1037.462,2963.559,1227.604
"016","12pm",681.481,1028.842,663.087
"019","12pm",724.171,5957.133,2013.576
"020","12pm",1383.451,4081.196,2305.018
"021","12pm",677.218,3397.225,1939.988
"022","12pm",2025.095,9008.11,4094.424
"023","12pm",2388.714,11656.511,2576.113
"024","12pm",407.724,3628.124,625.179
"025","12pm",970.865,7589.94,1411.681
"026","12pm",661.377,4878.001,1471.104
"027","12pm",1808.611,11850.639,2927.032
"028","12pm",1331.66,7894.404,2206.135
"029","12pm",763.967,4091.295,547.272
"030","12pm",752.291,4320.602,236.359
"031","12pm",1245.101,12611.965,3366.16
"033","12pm",900.396,5703.17,1324.904
"034","12pm",846.757,6970.158,1599.698
"035","12pm",849.756,5631.805,889.536
"036","12pm",325.442,3059.079,343.251
"037","12pm",1750.96,12544.193,1607.234
"038","12pm",424.909,6083.501,1218.353
"039","12pm",2384.386,13693.727,936.657
"040","12pm",262.365,12330.281,944.265
"041","12pm",248.868,1942.41,243.121
"042","12pm",344.895,12326.022,1332.748
"043","12pm",262.933,4272.216,691.551
"044","12pm",857.812,6251.979,370.002
"046","12pm",45.35,7380.33,432.361
"047","12pm",302.175,8404.461,573.698
"049","12pm",532.762,8461.516,1206.286
"050","12pm",544.989,7767.523,561.207
"052","12pm",25.4,12388.14,2067.357
"054","12pm",946.608,2289.646,1359.275
"055","12pm",367.206,2174.765,493.984
"056","12pm",574.837,2612.338,688.644
"057","12pm",1875.086,5717.382,1876.955
"058","12pm",3009.307,6439.836,2683.813
"059","12pm",771.151,4529.205,644.031
"060","12pm",419.246,8214.64,1115.788
"061","12pm",279.907,8403.208,633.486
"062","12pm",374.356,9652.656,455.478
"063","12pm",192.39,6492.648,152.024
"064","12pm",84.936,9768.459,769.55
"065","12pm",243.424,9343.422,1025.293
"066","12pm",574.131,10223.174,1026.257
"067","12pm",665.013,7599.973,1357.441
"068","12pm",575.392,3448.108,71.092
"069","12pm",174.391,1698.726,99.941
"070","12pm",1706.447,4326.591,2611.494
"071","12pm",327.486,758.414,574.929
"072","12pm",967.075,7667.512,2370.994
"073","12pm",524.025,3502.861,1483.799
"074","12pm",106.919,2894.836,571.319
"075","12pm",326.856,4087.237,981.711
"076","12pm",676.769,4331.443,401.417
"077","12pm",1209.21,6684.043,1728.575
"078","12pm",562.4,5132.102,348.698
"079","12pm",203.994,2976.376,407.872
"080","12pm",138.124,3655.607,426.959
"081","12pm",0,3423.182,173.851
"082","12pm",149.112,5299.705,526.389
"083","12pm",76.5,3996.249,444.191
"001","1am",1116.665,544.486,2747.499
"002","1am",365.585,651.612,1245.984
"003","1am",718.432,824.881,2922.164
"004","1am",1876.556,1102.008,5786.452
"005","1am",1817.307,1329.781,3788.303
"006","1am",3238.369,6530.102,5018.025
"007","1am",1231.044,3225.78,2804.118
"008","1am",1838.59,3554.365,4542.705
"009","1am",1023.932,4211.647,5520.686
"010","1am",899.327,2141.572,2645.607
"011","1am",1473.009,2594.098,4574.93
"012","1am",2000.486,3963.047,4728.312
"013","1am",2865.35,5456.936,6347.098
"014","1am",581.871,1942.247,1014.734
"015","1am",1037.462,2861.743,1227.604
"016","1am",681.481,1053.397,663.087
"019","1am",724.171,6213.496,2013.576
"020","1am",1383.451,4144.032,2355.619
"021","1am",599.957,3478.891,1889.387
"022","1am",2095.839,8926.444,4094.424
"023","1am",2388.714,12176.331,2576.113
"024","1am",407.724,3766.264,625.179
"025","1am",970.865,7589.94,1411.681
"026","1am",661.377,4768.921,1471.104
"027","1am",1808.611,12038.562,2927.032
"028","1am",1331.66,8039.381,2206.135
"029","1am",763.967,4018.529,547.272
"030","1am",752.291,4307.281,236.359
"031","1am",1245.101,12564.044,3366.16
"033","1am",900.396,5703.17,1324.904
"034","1am",846.757,6848.81,1512.128
"035","1am",849.756,5690.971,889.536
"036","1am",325.442,3256.126,343.251
"037","1am",1750.96,12783.345,1607.234
"038","1am",424.909,6028.963,1218.353
"039","1am",2384.386,13693.727,936.657
"040","1am",262.365,12897.279,944.265
"041","1am",248.868,1897.136,243.121
"042","1am",344.895,12434.188,1332.748
"043","1am",262.933,4272.216,691.551
"044","1am",857.812,6251.979,370.002
"046","1am",45.35,7425.68,432.361
"047","1am",302.175,8404.461,573.698
"049","1am",532.762,8461.516,1206.286
"050","1am",544.989,7876.599,561.207
"052","1am",25.4,12321.581,2067.357
"054","1am",946.608,2350.046,1359.275
"055","1am",367.206,2174.765,493.984
"056","1am",574.837,2524.819,688.644
"057","1am",1875.086,5607.614,1876.955
"058","1am",3009.307,6439.836,2683.813
"059","1am",771.151,4529.205,644.031
"060","1am",419.246,7850.87,1115.788
"061","1am",279.907,8403.208,633.486
"062","1am",374.356,9652.656,455.478
"063","1am",192.39,6726.6,152.024
"064","1am",84.936,9768.459,769.55
"065","1am",243.424,9343.422,1025.293
"066","1am",574.131,10356.292,1026.257
"067","1am",665.013,7599.973,1357.441
"068","1am",575.392,3434.592,71.092
"069","1am",174.391,1698.726,99.941
"070","1am",1660.848,4373.342,2611.494
"071","1am",327.486,731.264,574.929
"072","1am",967.075,7860.828,2370.994
"073","1am",524.025,3502.861,1483.799
"074","1am",106.919,2894.836,571.319
"075","1am",326.856,4191.059,981.711
"076","1am",676.769,4432.55,401.417
"077","1am",1209.21,6684.043,1728.575
"078","1am",562.4,5132.102,348.698
"079","1am",203.994,2976.376,407.872
"080","1am",138.124,3655.607,426.959
"081","1am",0,3455.681,173.851
"082","1am",149.112,5268.918,526.389
"083","1am",76.5,3996.249,444.191
"001","2am",1116.665,487.387,2473.299
"002","2am",365.585,651.612,1245.984
"003","2am",718.432,824.881,2922.164
"004","2am",1876.556,1102.008,5351.433
"005","2am",1817.307,1192.699,3943.522
"006","2am",3114.202,6530.102,5142.192
"007","2am",1231.044,3225.78,2804.118
"008","2am",1838.59,3554.365,4474.243
"009","2am",1023.932,4211.647,5520.686
"010","2am",899.327,2198.671,2749.126
"011","2am",1473.009,2673.764,4648.147
"012","2am",1924.654,3963.047,4825.878
"013","2am",2865.35,5532.244,6456.866
"014","2am",581.871,1862.581,1179.198
"015","2am",1037.462,2936.347,1227.604
"016","2am",681.481,1053.397,663.087
"019","2am",724.171,6304.076,2013.576
"020","2am",1383.451,4053.974,2355.619
"021","2am",599.957,3631.785,1889.387
"022","2am",2095.839,8926.444,4045.006
"023","2am",2388.714,12176.331,2576.113
"024","2am",407.724,3766.264,625.179
"025","2am",970.865,7669.606,1411.681
"026","2am",661.377,4750.736,1471.104
"027","2am",1808.611,12038.562,2927.032
"028","2am",1331.66,8039.381,2206.135
"029","2am",763.967,4007.304,547.272
"030","2am",789.075,4307.281,236.359
"031","2am",1245.101,12701.126,3366.16
"033","2am",900.396,5703.17,1324.904
"034","2am",846.757,6921.037,1512.128
"035","2am",849.756,5690.971,889.536
"036","2am",325.442,3158.41,343.251
"037","2am",1750.96,12801.395,1607.234
"038","2am",424.909,6028.963,1218.353
"039","2am",2384.386,13693.727,936.657
"040","2am",262.365,12897.279,944.265
"041","2am",248.868,1897.136,243.121
"042","2am",344.895,12434.188,1332.748
"043","2am",262.933,4314.285,691.551
"044","2am",857.812,6251.979,370.002
"046","2am",45.35,7425.68,432.361
"047","2am",302.175,8404.461,573.698
"049","2am",532.762,8461.516,1206.286
"050","2am",544.989,7876.599,561.207
"052","2am",25.4,12285.582,2067.357
"054","2am",946.608,2393.207,1359.275
"055","2am",367.206,2174.765,493.984
"056","2am",574.837,2524.819,688.644
"057","2am",1875.086,5607.614,1753.671
"058","2am",3009.307,6330.068,2807.097
"059","2am",771.151,4529.205,644.031
"060","2am",419.246,7850.87,1115.788
"061","2am",279.907,8403.208,633.486
"062","2am",374.356,9652.656,455.478
"063","2am",192.39,6726.6,152.024
"064","2am",84.936,9726.39,769.55
"065","2am",243.424,9343.422,1025.293
"066","2am",574.131,10422.851,1026.257
"067","2am",665.013,7599.973,1357.441
"068","2am",575.392,3434.592,71.092
"069","2am",174.391,1698.726,99.941
"070","2am",1660.848,4373.342,2611.494
"071","2am",327.486,749.355,574.929
"072","2am",967.075,7860.828,2370.994
"073","2am",524.025,3502.861,1483.799
"074","2am",106.919,2929.296,571.319
"075","2am",326.856,4220.916,981.711
"076","2am",676.769,4432.55,401.417
"077","2am",1209.21,6753.507,1728.575
"078","2am",562.4,5132.102,348.698
"079","2am",203.994,2976.376,407.872
"080","2am",138.124,3655.607,426.959
"081","2am",0,3489.459,173.851
"082","2am",149.112,5268.918,526.389
"083","2am",76.5,3996.249,444.191
"001","3am",1103.149,352.837,2426.498
"002","3am",365.585,651.612,1245.984
"003","3am",718.432,827.286,2922.164
"004","3am",1876.556,1102.008,5383.862
"005","3am",1817.307,1242.117,3990.323
"006","3am",3114.202,6462.827,5142.192
"007","3am",1231.044,3225.78,2804.118
"008","3am",1838.59,3554.365,4474.243
"009","3am",1023.932,4211.647,5520.686
"010","3am",899.327,2198.671,2749.126
"011","3am",1473.009,2594.098,4648.147
"012","3am",1924.654,3963.047,4825.878
"013","3am",2865.35,5570.861,6424.486
"014","3am",581.871,1809.497,1179.198
"015","3am",1037.462,2867.885,1227.604
"016","3am",681.481,1053.397,663.087
"019","3am",724.171,6304.076,2013.576
"020","3am",1383.451,4053.974,2355.619
"021","3am",599.957,3631.785,1889.387
"022","3am",2095.839,8926.444,4045.006
"023","3am",2388.714,12293.178,2576.113
"024","3am",407.724,3766.264,586.562
"025","3am",970.865,7669.606,1411.681
"026","3am",661.377,4842.469,1421.686
"027","3am",1808.611,12038.562,2927.032
"028","3am",1331.66,8039.381,2206.135
"029","3am",763.967,4007.304,547.272
"030","3am",789.075,4307.281,236.359
"031","3am",1245.101,12701.126,3366.16
"033","3am",900.396,5703.17,1324.904
"034","3am",846.757,6921.037,1512.128
"035","3am",849.756,5690.971,889.536
"036","3am",325.442,2961.812,343.251
"037","3am",1750.96,12801.395,1607.234
"038","3am",424.909,6183.962,1218.353
"039","3am",2477.806,13693.727,936.657
"040","3am",262.365,12897.279,944.265
"041","3am",248.868,1897.136,243.121
"042","3am",344.895,12434.188,1332.748
"043","3am",262.933,4314.285,691.551
"044","3am",857.812,6319.254,370.002
"046","3am",45.35,7425.68,432.361
"047","3am",302.175,8404.461,573.698
"049","3am",532.762,8461.516,1206.286
"050","3am",544.989,7842.265,561.207
"052","3am",25.4,12285.582,2067.357
"054","3am",946.608,2393.207,1359.275
"055","3am",367.206,2174.765,493.984
"056","3am",574.837,2457.39,688.644
"057","3am",1875.086,5607.614,1753.671
"058","3am",3009.307,6330.068,2807.097
"059","3am",771.151,4529.205,644.031
"060","3am",419.246,7850.87,1115.788
"061","3am",279.907,8403.208,633.486
"062","3am",374.356,9652.656,455.478
"063","3am",192.39,6726.6,152.024
"064","3am",84.936,9726.39,769.55
"065","3am",243.424,9343.422,1025.293
"066","3am",574.131,10422.851,1026.257
"067","3am",665.013,7599.973,1357.441
"068","3am",575.392,3477.409,71.092
"069","3am",174.391,1698.726,99.941
"070","3am",1660.848,4373.342,2611.494
"071","3am",327.486,749.355,620.825
"072","3am",967.075,7786.717,2370.994
"073","3am",524.025,3502.861,1528.631
"074","3am",106.919,2929.296,571.319
"075","3am",326.856,4220.916,981.711
"076","3am",676.769,4432.55,401.417
"077","3am",1209.21,6753.507,1728.575
"078","3am",562.4,5206.213,348.698
"079","3am",203.994,2976.376,407.872
"080","3am",138.124,3655.607,426.959
"081","3am",0,3489.459,173.851
"082","3am",149.112,5230.418,526.389
"083","3am",76.5,3996.249,444.191
