"district","hour","cs1","cs2","cs3","cs4","cs5"
"101","4am",111.9084,265.2141,1002.272,1233.7621,654.011
"102","4am",313.4829,165.7544,862.1131,1566.8397,825.4123
"103","4am",202.9973,666.2679,1523.8908,1190.6595,809.0555
"104","4am",263.5335,383.0718,982.6439,1710.0727,871.2789
"105","4am",154.3181,474.4145,1046.1253,1937.9682,1158.3914
"106","4am",308.5382,217.9781,1070.713,1003.7063,886.7668
"107","4am",0,1150.5794,2631.3657,1937.0447,1145.5076
"108","4am",180.4905,503.6238,1391.1766,1948.6585,1276.1054
"109","4am",260.8833,1063.2204,1639.3533,519.2685,147.4207
"110","4am",140.3917,273.5476,706.9671,1371.3692,826.6103
"111","4am",334.6354,988.2819,2029.2409,1828.9184,880.9093
"112","4am",201.8942,390.5821,1048.8353,1071.1505,674.0954
"113","4am",264.6061,418.1163,1439.4464,1477.9899,954.6779
"114","4am",110.9181,458.8761,1062.4924,302.8441,224.0575
"115","4am",204.6961,247.6741,1146.5293,1567.7802,950.5073
"116","4am",546.4786,1066.6794,1438.9213,274.6635,151.3711
"117","4am",462.4674,1204.8895,2158.8708,623.6694,197.5868
"118","4am",129.3361,773.276,1082.8941,1118.6466,449.0716
"119","4am",121.4569,725.4477,1400.1529,584.2493,98.3648
"120","4am",499.6741,1066.2346,2783.6349,1173.6966,329.6859
"121","4am",62.6534,557.4215,826.0424,705.5094,242.4928
"122","4am",285.3735,2234.229,2731.4247,1776.6002,291.7825
"123","4am",120.4558,659.5246,1683.1194,759.508,239.7825
"124","4am",218.275,845.1327,1228.5431,1413.3925,417.6476
"125","4am",203.7348,1022.5016,812.2231,1139.5615,443.4832
"126","4am",159.1366,628.6342,1117.5771,625.4905,342.8389
"127","4am",56.3739,264.7605,670.6237,1279.3483,486.0421
"128","4am",155.9425,740.0323,1170.7085,1752.2273,435.5961
"129","4am",181.8286,564.8676,1581.9,1438.0079,1102.2142
"130","4am",100.7378,602.7489,1194.4563,1934.5049,1370.2395
"131","4am",259.8336,392.9636,958.2884,1267.4068,679.5811
"132","4am",370.9257,979.8633,1999.425,1729.601,793.4605
"133","4am",252.7236,1052.7266,1761.9164,740.0688,66.7907
"134","4am",272.4177,2356.3663,2662.7415,2160.2167,428.277
"201","4am",412.5694,1018.611,3432.3109,1134.4544,1947.8502
"202","4am",291.4265,566.4381,3314.0034,884.5278,1458.8997
"203","4am",143.6224,761.4831,1875.0424,981.5137,915.4747
"204","4am",284.2519,1124.2823,5077.1708,1365.6521,1017.6117
"205","4am",84.3692,737.4082,2943.823,1400.0582,686.8981
"206","4am",317.167,1428.2434,5802.1694,2110.4015,1083.4686
"207","4am",263.1822,1038.5554,6299.2552,3416.1625,2751.1987
"208","4am",173.6774,374.4025,4590.1738,1248.6002,1463.1143
"209","4am",722.3737,968.6086,4872.6073,2802.5947,3008.7774
"210","4am",252.3573,1009.699,4940.7949,2773.1389,570.855
"211","4am",844.3343,1030.5875,7703.2283,3936.9638,2687.1243
"212","4am",135.3357,593.1494,2004.7709,880.3528,888.7978
"213","4am",171.834,1238.5114,3683.9131,904.3904,1054.9562
"214","4am",349.7761,883.0367,6066.1037,1995.2296,1132.8417
"215","4am",256.8626,359.4053,2668.0028,2206.3508,773.2091
"216","4am",329.8844,670.4718,3601.1476,1422.4832,407.749
"217","4am",363.5316,1502.3958,6151.9714,2598.7938,2058.0805
"218","4am",469.2659,1331.0557,4469.9762,1546.0555,725.1819
"219","4am",598.5988,1217.6938,4333.6944,1011.6533,1119.1593
"220","4am",297.8695,881.3829,4277.7906,2573.8932,646.0505
"221","4am",397.0741,781.6268,3419.3132,1523.6895,536.8637
"222","4am",440.1354,1128.7023,5890.6436,2722.5058,1744.7652
"223","4am",160.4882,419.5849,3092.3293,1061.1403,614.8504
"224","4am",417.7005,3125.4079,6048.6063,4288.171,1123.3078
"225","4am",469.5349,2398.3766,7567.5603,4667.3272,2147.3948
"226","4am",499.2391,2159.9338,4466.5679,1768.4098,892.6872
"227","4am",144.3439,755.3761,2036.2752,1929.8969,478.2101
"228","4am",365.5903,1664.4496,8815.2425,3612.6043,1553.8749
"229","4am",419.131,817.9803,2999.5733,1660.8308,695.6756
"230","4am",152.9567,750.6903,3860.4558,1883.9459,1185.4318
"231","4am",759.2244,920.6446,5767.3518,2200.1569,1177.1907
"232","4am",430.6193,883.003,5762.1167,2689.7374,1716.6517
"233","4am",339.7535,689.3567,4611.1875,2388.6922,1257.2153
"101","5am",111.9084,257.5069,1160.4298,1164.5254,654.011
"102","5am",313.4829,165.7544,862.1131,1566.8397,825.4123
"103","5am",202.9973,635.5639,1672.661,1190.6595,809.0555
"104","5am",263.5335,383.0718,982.6439,1710.0727,871.2789
"105","5am",154.3181,451.6899,1111.7911,1902.3931,1158.3914
"106","5am",308.5382,217.9781,1119.5749,979.2816,886.7668
"107","5am",0,1100.9139,2623.8928,1937.0447,1145.5076
"108","5am",180.4905,503.6238,1391.1766,1948.6585,1240.7338
"109","5am",260.8833,1063.2204,1679.5788,519.2685,147.4207
"110","5am",140.3917,253.82,706.9671,1371.3692,826.6103
"111","5am",334.6354,904.8732,2224.091,1842.8125,860.1008
"112","5am",201.8942,390.5821,1106.1334,1071.1505,674.0954
"113","5am",264.6061,418.1163,1463.6192,1513.2577,954.6779
"114","5am",110.9181,507.3409,1062.4924,302.8441,224.0575
"115","5am",204.6961,276.0432,1196.1948,1567.7802,950.5073
"116","5am",546.4786,1043.6689,1344.1667,274.6635,151.3711
"117","5am",462.4674,1159.5932,2280.3065,623.6694,197.5868
"118","5am",129.3361,877.3804,1161.736,1215.5593,449.0716
"119","5am",121.4569,678.1178,1536.9261,570.3552,98.3648
"120","5am",499.6741,934.2159,2690.092,1173.6966,329.6859
"121","5am",62.6534,652.9773,871.5632,705.5094,229.4765
"122","5am",285.3735,2285.7057,3017.7439,1776.6002,335.4203
"123","5am",120.4558,875.0986,1808.9167,818.6657,239.7825
"124","5am",218.275,877.6819,1237.4693,1378.1247,417.6476
"125","5am",203.7348,981.2207,841.9783,1083.5759,443.4832
"126","5am",159.1366,580.2269,1117.5771,593.2815,323.5265
"127","5am",56.3739,264.7605,670.6237,1279.3483,486.0421
"128","5am",155.9425,774.2452,1375.4049,1752.2273,408.1129
"129","5am",181.8286,542.5314,1581.9,1438.0079,1142.3351
"130","5am",100.7378,602.7489,1194.4563,1934.5049,1370.2395
"131","5am",259.8336,366.4057,958.2884,1230.2606,679.5811
"132","5am",370.9257,1425.6064,2009.2185,1664.8973,739.9559
"133","5am",252.7236,1076.2416,1581.9483,680.9111,66.7907
"134","5am",272.4177,2279.9171,2672.0815,2160.2167,428.277
"201","5am",412.5694,1018.611,3141.0504,1134.4544,1947.8502
"202","5am",291.4265,566.4381,3508.5133,858.8186,1458.8997
"203","5am",143.6224,761.4831,1777.5625,981.5137,915.4747
"204","5am",284.2519,1056.8238,4948.9799,1365.6521,1017.6117
"205","5am",84.3692,694.198,2980.428,1400.0582,686.8981
"206","5am",317.167,1346.6689,5702.5657,2110.4015,1186.2191
"207","5am",263.1822,966.5089,6413.0362,3536.0278,2448.0078
"208","5am",173.6774,374.4025,4327.5188,1182.5128,1419.4765
"209","5am",722.3737,968.6086,4746.7057,2802.5947,3008.7774
"210","5am",252.3573,1009.699,4973.9627,2387.7811,570.855
"211","5am",844.3343,1030.5875,7959.6789,3936.9638,2585.7981
"212","5am",135.3357,516.0414,2004.7709,880.3528,888.7978
"213","5am",171.834,1315.6194,3683.9131,904.3904,1054.9562
"214","5am",349.7761,883.0367,6027.1432,1995.2296,1132.8417
"215","5am",256.8626,359.4053,2604.3246,2206.3508,773.2091
"216","5am",329.8844,641.8986,3459.2999,1422.4832,407.749
"217","5am",363.5316,1365.1356,6198.794,2598.7938,1931.5301
"218","5am",469.2659,1331.0557,4443.9518,1612.1429,851.7323
"219","5am",598.5988,1217.6938,4325.8323,1011.6533,1119.1593
"220","5am",297.8695,1018.6431,4069.1978,2573.8932,646.0505
"221","5am",397.0741,781.6268,3287.4721,1523.6895,536.8637
"222","5am",440.1354,1096.1531,5653.561,2722.5058,1744.7652
"223","5am",160.4882,419.5849,3092.3293,1061.1403,614.8504
"224","5am",417.7005,3302.6559,5887.0973,3936.0485,1123.3078
"225","5am",469.5349,2221.1286,7274.7675,4667.3272,2147.3948
"226","5am",499.2391,2159.9338,4759.3607,2037.8132,892.6872
"227","5am",144.3439,755.3761,2025.5422,1929.8969,478.2101
"228","5am",365.5903,1664.4496,8532.6236,3612.6043,1553.8749
"229","5am",419.131,817.9803,3038.0922,1660.8308,695.6756
"230","5am",152.9567,750.6903,3860.4558,1883.9459,1185.4318
"231","5am",759.2244,959.1628,5686.233,2200.1569,1306.3911
"232","5am",430.6193,882.5504,5691.6528,2689.7374,1587.4513
"233","5am",339.7535,638.8156,4465.8793,2319.3993,1257.2153
"101","6am",111.9084,257.5069,1181.6311,1220.1174,654.011
"102","6am",313.4829,165.7544,907.3512,1480.3702,866.2115
"103","6am",202.9973,589.5931,1591.0284,1263.2396,809.0555
"104","6am",263.5335,383.0718,982.6439,1667.2572,825.7151
"105","6am",154.3181,417.6333,1164.7601,1834.9787,1198.0269
"106","6am",308.5382,217.9781,1264.5958,953.9545,875.5081
"107","6am",0,1124.9748,2646.0592,1901.8663,1048.622
"108","6am",180.4905,565.6129,1374.5679,1863.9853,1197.6092
"109","6am",260.8833,1035.0649,1571.2554,519.2685,147.4207
"110","6am",140.3917,274.2846,773.08,1326.8636,806.8827
"111","6am",334.6354,878.868,2984.4877,2000.6545,860.1008
"112","6am",201.8942,390.5821,1106.1334,1109.6314,674.0954
"113","6am",264.6061,418.1163,1511.6543,1393.6934,954.6779
"114","6am",110.9181,483.28,1001.2449,290.2943,224.0575
"115","6am",204.6961,246.9072,1217.9111,1547.9946,950.5073
"116","6am",546.4786,1027.2561,1369.803,274.6635,151.3711
"117","6am",462.4674,1097.274,2169.3154,623.6694,197.5868
"118","6am",129.3361,893.7932,1229.4713,1137.3096,476.2614
"119","6am",121.4569,678.1178,1478.7776,640.3845,98.3648
"120","6am",499.6741,1060.9729,2495.9454,1173.6966,329.6859
"121","6am",62.6534,652.9773,930.7856,682.7059,215.303
"122","6am",285.3735,2236.5218,2951.763,1955.1333,468.4536
"123","6am",120.4558,875.0986,1546.4715,790.0883,239.7825
"124","6am",218.275,877.6819,1157.1345,1360.1963,375.8836
"125","6am",203.7348,1007.7786,841.9783,1056.6878,443.4832
"126","6am",159.1366,548.0179,1059.5275,593.2815,323.5265
"127","6am",56.3739,229.9255,570.3361,1186.0058,486.0421
"128","6am",155.9425,798.674,1301.2287,1769.233,448.2338
"129","6am",181.8286,542.5314,1581.9,1438.0079,1102.2142
"130","6am",100.7378,602.7489,1206.801,1896.2844,1370.2395
"131","6am",259.8336,368.9838,958.2884,1230.2606,653.0232
"132","6am",370.9257,1515.0907,1986.3632,1709.1212,739.9559
"133","6am",252.7236,1141.5246,1812.8973,570.1739,66.7907
"134","6am",272.4177,2212.4663,2672.0815,2100.4045,485.5751
"201","6am",412.5694,1004.6302,3098.9141,1061.8743,1947.8502
"202","6am",291.4265,583.8556,3601.3061,858.8186,1283.8175
"203","6am",143.6224,707.4358,1724.4663,1025.0534,915.4747
"204","6am",284.2519,1090.8804,4816.8367,1236.2128,1017.6117
"205","6am",84.3692,694.198,2909.0182,1400.0582,651.076
"206","6am",317.167,1222.6907,5749.9364,2148.001,1053.1858
"207","6am",263.1822,1138.2076,6205.3463,3457.0151,2361.8153
"208","6am",173.6774,349.9737,4189.822,1263.5962,1362.1784
"209","6am",722.3737,968.6086,4676.9222,2802.5947,3008.7774
"210","6am",252.3573,1063.7463,4696.7554,2387.7811,639.3159
"211","6am",844.3343,1030.5875,7760.323,3936.9638,2585.7981
"212","6am",135.3357,416.3193,1990.7161,866.298,839.5821
"213","6am",171.834,1315.6194,3651.5049,904.3904,1057.5588
"214","6am",349.7761,883.0367,5972.4136,1995.2296,1012.6216
"215","6am",256.8626,359.4053,2654.9209,2150.952,773.2091
"216","6am",329.8844,641.8986,3287.3372,1367.7189,371.3095
"217","6am",363.5316,1365.1356,6086.2436,2463.1203,1837.1179
"218","6am",469.2659,1331.0557,4517.7543,1612.1429,1002.5186
"219","6am",598.5988,1217.6938,4563.8608,856.5613,1072.3367
"220","6am",297.8695,969.1357,3806.6259,2482.5775,646.0505
"221","6am",397.0741,781.6268,3196.8758,1481.9551,536.8637
"222","6am",440.1354,1096.1531,5380.1617,2649.4714,1491.3868
"223","6am",160.4882,419.5849,3228.2361,1061.1403,686.6285
"224","6am",417.7005,2998.7288,5640.7765,4063.2341,1123.3078
"225","6am",469.5349,2059.513,7087.8107,4582.5328,2147.3948
"226","6am",499.2391,2192.7742,4759.3607,2037.8132,892.6872
"227","6am",144.3439,699.8043,2029.3939,1880.96,478.2101
"228","6am",365.5903,1664.4496,7998.3309,3558.5851,1654.583
"229","6am",419.131,817.9803,3032.9771,1660.8308,695.6756
"230","6am",152.9567,692.1494,3565.0308,1883.9459,1125.4826
"231","6am",759.2244,1047.8796,6021.3124,2388.2741,1306.3911
"232","6am",430.6193,793.8336,5420.9176,2601.0206,1587.4513
"233","6am",339.7535,638.8156,4167.2825,2304.906,1216.4161
"101","7am",111.9084,359.1491,1887.9989,1445.9058,788.2638
"102","7am",313.4829,265.7529,1927.0387,1874.4611,949.3362
"103","7am",202.9973,699.868,1563.2088,1149.7666,593.5665
"104","7am",263.5335,394.9853,1199.2779,1480.2811,778.8432
"105","7am",154.3181,383.1733,1696.2978,1668.4746,1578.2391
"106","7am",308.5382,433.5973,1510.0781,1075.2984,718.6537
"107","7am",0,950.194,2839.9495,2002.349,1080.0003
"108","7am",180.4905,496.068,1409.4306,1671.1347,1206.2352
"109","7am",236.6962,982.3244,1665.9509,605.1103,517.8641
"110","7am",140.3917,299.9209,862.9309,1266.299,901.5035
"111","7am",234.7124,944.6521,4078.1408,2800.992,1758.5858
"112","7am",201.8942,296.2517,1904.7598,980.9104,687.71
"113","7am",238.9182,481.7755,1613.2725,1568.979,1123.3288
"114","7am",136.606,500.9831,947.9161,270.1849,224.0575
"115","7am",204.6961,381.7469,1352.8183,1480.8873,728.4571
"116","7am",534.1114,785.6769,1402.163,320.9496,140.2748
"117","7am",462.4674,1049.944,2074.9107,620.7643,240.0138
"118","7am",141.7033,1307.411,1501.7753,1277.8038,656.6562
"119","7am",121.4569,470.4886,1434.7958,602.0705,98.3648
"120","7am",499.6741,943.5863,2255.1233,1253.2319,373.9434
"121","7am",62.6534,685.2238,997.7628,545.9567,191.7682
"122","7am",285.3735,2790.6978,2913.0018,2261.6086,716.3783
"123","7am",120.4558,1025.6913,1535.8787,760.5645,396.167
"124","7am",218.275,613.7489,1218.6768,1334.2023,360.5971
"125","7am",203.7348,874.7138,857.6839,1131.1018,548.2309
"126","7am",159.1366,523.9157,1050.8873,509.0793,264.6152
"127","7am",56.3739,210.6004,562.5657,1100.1568,459.2377
"128","7am",155.9425,1285.8486,1649.0073,1668.0031,383.7832
"129","7am",181.8286,612.9994,1713.6812,1223.9278,799.2723
"130","7am",100.7378,511,1267.3062,1293.349,1225.9516
"131","7am",259.8336,305.4578,849.4879,907.1957,557.0618
"132","7am",370.9257,1653.0092,1912.1289,1724.5985,910.5639
"133","7am",252.7236,1315.5233,1882.2968,672.5983,214.8491
"134","7am",272.4177,1974.1139,2248.5156,1773.104,445.3496
"201","7am",412.5694,931.8016,2537.431,978.8665,1424.1242
"202","7am",291.4265,568.2122,3473.8686,775.3117,1265.6833
"203","7am",109.3597,557.6719,1369.8664,808.9268,681.0753
"204","7am",284.2519,1136.6315,4171.9725,1249.9988,823.7238
"205","7am",84.3692,528.8967,2444.7701,1164.4979,452.616
"206","7am",317.167,1300.4474,5138.9571,2093.7019,945.0914
"207","7am",263.1822,977.0936,5231.7527,3242.1434,1587.9918
"208","7am",173.6774,391.7448,3535.6814,840.4285,1138.1658
"209","7am",722.3737,775.956,4093.6788,2679.7243,2370.6702
"210","7am",252.3573,1157.8213,4957.0012,1986.3443,653.1629
"211","7am",844.3343,1319.6103,8338.6386,3791.4994,2636.4169
"212","7am",135.3357,416.3193,2335.7807,771.3953,674.0252
"213","7am",171.834,1211.0795,3611.4001,730.7561,941.4513
"214","7am",349.7761,920.8328,5056.3365,1995.2296,862.9764
"215","7am",256.8626,279.1065,2438.5443,1962.7763,773.2091
"216","7am",329.8844,456.3951,2747.9576,1254.0818,311.4894
"217","7am",363.5316,1054.8583,5207.3433,2151.6852,1344.0318
"218","7am",424.5706,1399.5486,5137.9584,1720.2248,1402.96
"219","7am",570.8181,1217.6938,5015.0047,888.1062,907.8573
"220","7am",297.8695,897.9065,3395.049,2604.9183,426.942
"221","7am",397.0741,861.1388,2926.7339,1582.2749,663.7896
"222","7am",440.1354,998.7739,4575.8778,2273.9393,771.0589
"223","7am",160.4882,419.5849,3509.6115,1029.8312,739.0835
"224","7am",417.7005,2554.7972,5451.8832,3365.006,900.598
"225","7am",469.5349,1780.1806,5945.3272,4626.361,1259.9097
"226","7am",499.2391,2288.3453,5895.9291,1878.4413,1232.7206
"227","7am",144.3439,590.7734,1749.1768,1667.1524,434.5194
"228","7am",365.5903,1499.2567,7013.2755,3454.6763,870.8616
"229","7am",419.131,853.2363,2826.1978,1602.9586,516.2289
"230","7am",152.9567,692.1494,3308.1677,1729.3758,943.4947
"231","7am",759.2244,1133.5975,6644.0615,2644.6309,1371.236
"232","7am",430.6193,537.2379,4550.1331,2546.4089,1132.1192
"233","7am",339.7535,506.0875,3719.2145,2039.0479,1125.0758
"101","8am",111.9084,488.535,2448.9609,1899.9515,1547.3167
"102","8am",313.4829,417.1026,2823.0419,2624.3386,1132.9849
"103","8am",202.9973,539.8839,1708.8476,1012.591,382.977
"104","8am",279.9284,641.6112,1153.2286,1338.9848,1005.48
"105","8am",154.3181,661.1354,2500.8409,1544.1026,1315.9778
"106","8am",261.142,354.5976,1681.0368,695.7757,1022.7624
"107","8am",10.5258,964.2504,3193.7143,1509.6433,1165.4226
"108","8am",304.6006,336.4307,1341.5635,1393.3937,756.8297
"109","8am",236.6962,737.3059,1516.6241,684.6362,568.4723
"110","8am",140.3917,299.9209,965.7945,1108.5241,794.7302
"111","8am",234.7124,1277.2733,6254.7188,4404.0277,3749.0141
"112","8am",201.8942,349.0264,2458.9318,1159.8642,1096.125
"113","8am",238.9182,336.0385,1669.9648,1377.4197,1090.8114
"114","8am",121.6811,467.6007,952.707,389.9798,174.7443
"115","8am",204.6961,426.6869,1483.2355,1242.5685,947.0086
"116","8am",578.8067,761.3428,1566.5225,320.9496,172.2734
"117","8am",462.4674,1009.6062,1984.1721,628.2383,218.8639
"118","8am",125.3084,1235.341,2186.7497,2145.6376,1205.8176
"119","8am",110.9311,583.4053,1421.759,736.5633,150.0503
"120","8am",487.4456,865.1187,2369.3215,1190.1582,514.7563
"121","8am",62.6534,704.9039,1131.3658,492.9822,121.8951
"122","8am",285.3735,2765.1454,3855.2322,2407.6068,1208.1787
"123","8am",120.4558,1050.1961,1396.6752,658.3433,454.0824
"124","8am",218.275,645.6139,1057.0329,1125.4736,224.2345
"125","8am",203.7348,988.5964,1012.8874,1264.8802,642.4988
"126","8am",159.1366,506.6009,874.0849,434.0833,167.2478
"127","8am",39.9509,165.2911,587.0099,694.6523,266.067
"128","8am",159.1832,1277.7638,1580.9836,1737.2392,509.3529
"129","8am",228.3198,596.3186,1463.3038,1546.5543,759.1808
"130","8am",100.7378,408.9942,1089.3041,826.0673,878.5288
"131","8am",259.8336,293.1416,695.0343,585.9797,344.4539
"132","8am",370.9257,1801.3858,1924.7002,1047.9558,601.5515
"133","8am",282.0909,1347.8389,2589.6466,1012.7874,663.0386
"134","8am",214.6813,1733.7119,1961.237,1527.0553,529.8196
"201","8am",412.5694,936.5925,2115.4,897.3855,1343.3014
"202","8am",291.4265,557.7194,3002.8004,774.2891,931.801
"203","8am",109.3597,589.6483,1443.1163,884.47,336.7766
"204","8am",284.2519,1154.317,3487.6759,1254.872,590.1865
"205","8am",84.3692,528.8967,1893.1511,907.3158,281.7604
"206","8am",317.167,1303.4566,4760.5203,1916.8027,851.0124
"207","8am",263.1822,1080.4986,4523.9946,3388.3232,818.8256
"208","8am",173.6774,391.7448,3261.4232,880.0742,811.6681
"209","8am",722.3737,512.3518,3713.8315,2350.8223,1802.0402
"210","8am",252.3573,1320.0096,5181.8442,1896.0892,666.5651
"211","8am",844.3343,1259.5126,8689.4339,4219.3314,2920.0861
"212","8am",135.3357,388.8861,2061.5901,711.2363,440.5718
"213","8am",148.9435,1238.5127,3768.1367,646.1647,1113.752
"214","8am",349.7761,1173.7322,5034.8581,1794.0498,628.2269
"215","8am",256.8626,197.3948,2194.2303,1720.2314,684.0362
"216","8am",329.8844,392.6114,2272.5048,1374.8466,480.5678
"217","8am",236.9812,827.8412,4018.1462,2282.6453,1288.503
"218","8am",551.121,1743.5536,6197.8385,1631.1484,1721.0025
"219","8am",570.8181,1048.0739,5073.795,1058.8874,741.1069
"220","8am",297.8695,933.6515,3401.855,2689.5121,528.2829
"221","8am",397.0741,812.2769,2873.029,1529.9333,716.4989
"222","8am",314.6717,998.7739,4015.7008,2443.0426,712.6992
"223","8am",311.0803,482.3514,3576.2005,1268.9923,757.8051
"224","8am",417.7005,2318.1012,5006.5173,3815.6591,785.4806
"225","8am",469.5349,1602.9326,5085.1969,4174.9,1007.2621
"226","8am",499.2391,2442.7913,6322.083,2299.0101,1572.8876
"227","8am",85.252,550.6408,1661.1926,1725.8408,409.6401
"228","8am",365.5903,1445.2375,6159.8566,3244.5712,721.8189
"229","8am",373.9581,818.6462,2720.852,1648.5966,473.593
"230","8am",212.0486,816.978,3223.9635,1866.069,883.497
"231","8am",649.0505,1074.3728,7324.0762,2884.6089,1914.175
"232","8am",430.6193,448.5211,3603.0516,2304.2024,740.4715
"233","8am",384.9264,614.2868,2810.6891,1676.155,876.587
"101","9am",134.6257,658.8278,3063.1897,2507.6768,1565.5435
"102","9am",264.9744,396.9566,3208.7791,2741.1894,1252.3519
"103","9am",178.1444,532.3879,1787.0516,1077.5626,307.5382
"104","9am",279.9284,579.2595,1172.0346,1251.7362,1042.1066
"105","9am",199.2029,340.2247,2424.9072,1637.055,1260.9919
"106","9am",278.2143,405.5094,1958.7879,647.1976,1064.6902
"107","9am",35.3787,933.489,3511.0098,1570.3124,1111.3875
"108","9am",273.9585,400.2144,1358.0725,1408.983,767.2943
"109","9am",208.5384,867.7199,1463.9921,701.1187,663.6671
"110","9am",165.5366,227.0217,875.0331,1042.0582,707.6431
"111","9am",264.9704,1472.9202,7131.7132,4650.805,4273.6789
"112","9am",201.8942,532.1745,2389.8184,1314.5187,1193.2441
"113","9am",238.9182,268.6114,1618.1194,1139.2088,1069.1252
"114","9am",106.7562,429.7559,824.3265,398.4821,227.989
"115","9am",204.6961,381.5356,1234.6233,1285.4326,1112.9643
"116","9am",533.7724,690.3894,1447.5219,348.0614,213.9508
"117","9am",494.5042,1252.7973,2308.7093,710.8668,297.1304
"118","9am",128.5604,1193.918,2496.0448,2089.4626,1104.3987
"119","9am",110.9311,568.836,1473.7109,696.7233,198.2679
"120","9am",487.4456,969.0742,2269.8472,1087.2425,597.1892
"121","9am",62.6534,725.2798,1190.7026,677.1663,98.3603
"122","9am",285.3735,2889.8623,4267.6825,2654.9919,1295.8195
"123","9am",120.4558,1130.1417,1432.9869,635.0589,437.2579
"124","9am",218.275,589.7483,1028.5538,828.409,174.4704
"125","9am",171.698,1158.8697,961.5977,1254.3997,614.9383
"126","9am",159.1366,493.5214,888.2185,489.3287,80.7124
"127","9am",39.9509,213.8201,529.3749,686.1169,219.2241
"128","9am",159.1832,1205.7374,1692.0516,1790.2212,539.8314
"129","9am",214.2643,606.328,1369.7996,1603.0469,728.7023
"130","9am",100.7378,411.012,1059.7184,682.7142,865.8973
"131","9am",238.3959,240.7156,560.0468,528.0838,225.3301
"132","9am",370.9257,1801.3858,2134.8992,854.9392,574.8213
"133","9am",224.3545,1236.4592,2583.7237,1203.5552,952.1006
"134","9am",272.4177,1547.8711,1830.8426,1435.2012,504.1104
"201","9am",434.0071,1114.8715,2149.0328,1021.9314,1273.8665
"202","9am",291.4265,571.1216,2866.4544,635.3237,793.2437
"203","9am",109.3597,586.0289,1328.4284,904.6049,343.1371
"204","9am",323.1576,1154.317,3515.3352,1161.5328,689.4279
"205","9am",84.3692,439.7825,1789.862,917.6845,281.7604
"206","9am",317.167,1084.3703,4691.1903,1564.1253,715.9151
"207","9am",263.1822,1063.9825,4236.3197,3240.7235,834.2562
"208","9am",173.6774,433.1185,3152.8693,919.8335,801.3828
"209","9am",722.3737,441.697,3692.7009,2248.449,1817.3682
"210","9am",252.3573,1224.5652,5156.7388,1902.7981,695.4925
"211","9am",844.3343,1259.5126,8239.8331,4032.7181,3147.0102
"212","9am",135.3357,301.5458,2345.2007,635.9197,412.5799
"213","9am",148.9435,1289.6453,3724.631,868.1226,1106.5874
"214","9am",349.7761,1124.0781,4681.4572,1826.0018,684.6153
"215","9am",256.8626,197.3948,1883.2425,1690.034,684.0362
"216","9am",290.9787,365.9007,2315.3844,1417.7715,381.3264
"217","9am",363.5316,827.8412,4246.324,2359.5089,1141.1308
"218","9am",424.5706,1553.68,6597.4826,1760.5239,1607.3826
"219","9am",570.8181,1120.156,4937.5424,1463.3237,747.253
"220","9am",297.8695,891.3239,3242.4318,2491.3117,528.2829
"221","9am",397.0741,812.2769,2643.4247,1833.2039,636.0402
"222","9am",314.6717,926.9958,4214.7583,2187.3209,601.1606
"223","9am",311.0803,554.1295,3383.6238,1250.6814,757.8051
"224","9am",417.7005,2341.4164,5048.7999,3851.7919,644.2794
"225","9am",384.3223,1602.9326,4429.4643,4220.1714,1001.0911
"226","9am",499.2391,2442.7913,7679.1196,2238.3106,1621.3423
"227","9am",104.2113,523.3075,1619.0074,1533.8429,555.6254
"228","9am",365.5903,1466.2893,5840.1275,3409.1919,721.8189
"229","9am",373.9581,717.2293,2692.7369,1655.771,355.0636
"230","9am",152.9567,703.4546,2904.3989,1800.0053,834.8475
"231","9am",793.3217,1293.1725,7937.2579,2878.0739,1883.0088
"232","9am",286.3481,514.682,3478.508,2433.4028,599.372
"233","9am",495.1003,614.2868,2758.4832,1366.7273,906.1727
"101","10am",156.9427,834.0908,2846.295,2777.4099,1947.4362
"102","10am",249.9,684.0741,3319.3777,2870.2195,1279.6448
"103","10am",132.1736,544.5552,1675.2591,1138.3962,252.4446
"104","10am",246.244,555.5166,1241.6315,1456.3035,982.8366
"105","10am",170.7411,378.4042,2670.7511,1578.9897,1274.4562
"106","10am",250.0565,362.2808,2130.1648,631.6358,1139.4173
"107","10am",54.0092,921.1118,3764.803,1309.9736,1115.7837
"108","10am",290.8229,553.0185,1425.2803,1428.7217,877.8568
"109","10am",257.5086,725.1847,1312.0152,663.8478,584.6981
"110","10am",163.7235,252.7685,1070.4878,1027.7464,571.4906
"111","10am",260.896,1608.0291,7438.9073,5056.8738,4422.7631
"112","10am",162.4293,420.9258,2364.6309,1352.6234,1447.3943
"113","10am",238.9182,327.3896,1592.4479,1044.2404,984.3834
"114","10am",83.5949,423.5506,809.3396,436.262,282.4537
"115","10am",177.4214,353.1665,1184.6788,1300.0482,1067.3067
"116","10am",459.5201,756.6904,1323.3132,406.024,145.2504
"117","10am",469.4397,1145.7907,2319.0893,882.7582,264.8547
"118","10am",134.2646,1148.2598,2462.3141,1933.2867,1165.2408
"119","10am",125.856,704.7186,1838.1512,721.172,226.1408
"120","10am",487.4456,919.7422,1948.5778,1096.0276,629.1656
"121","10am",62.6534,748.1823,1006.5301,539.9071,90.953
"122","10am",285.3735,2951.084,4601.2207,2888.7417,1409.5491
"123","10am",120.4558,1089.1392,1374.2733,614.0429,386.6052
"124","10am",273.8968,580.7572,926.5565,882.5492,151.1552
"125","10am",171.698,895.479,1014.9519,1258.4169,663.2246
"126","10am",191.1734,450.1004,729.9466,463.406,145.4339
"127","10am",39.9509,165.2911,508.956,515.7388,235.6471
"128","10am",159.1832,1205.7374,1665.1706,1671.5693,434.3463
"129","10am",151.3501,441.5584,1202.5143,1362.9948,702.7653
"130","10am",100.7378,368.7645,1049.0843,722.6037,858.3948
"131","10am",259.8336,248.6694,618.5866,459.8418,245.0699
"132","10am",312.8194,1801.3858,2140.0066,897.2173,368.8942
"133","10am",224.3545,1143.1146,2622.8285,1160.3575,952.1006
"134","10am",272.4177,1498.6222,1957.3685,1627.0266,480.8257
"201","10am",412.5694,986.2521,2080.0271,890.2309,1221.3208
"202","10am",265.7173,531.8331,2891.004,721.0452,610.649
"203","10am",83.6586,647.9328,1365.1896,922.7255,302.341
"204","10am",323.1576,1109.2827,3573.183,1240.1473,656.9199
"205","10am",84.3692,489.6474,1608.9978,868.727,212.2634
"206","10am",325.5257,1245.4063,4826.2352,1429.1198,687.2396
"207","10am",207.6219,1008.4222,3871.7597,3374.965,406.3376
"208","10am",173.6774,473.1464,3067.9717,894.5334,638.5238
"209","10am",722.3737,517.431,3640.6714,2136.3111,1742.6332
"210","10am",336.0962,1272.2874,5165.4357,1785.2532,783.4981
"211","10am",933.5696,1283.4543,8094.6109,3831.9735,3255.4519
"212","10am",123.0697,341.0027,2215.6493,571.483,334.8978
"213","10am",161.2095,1236.4671,3689.6398,871.9473,1090.8615
"214","10am",202.5111,1052.855,4670.4682,1886.6138,875.5966
"215","10am",256.8626,197.3948,1909.1337,1718.8251,489.1087
"216","10am",290.9787,365.9007,2230.9423,1391.1028,308.3073
"217","10am",363.5316,870.1688,3748.0184,2141.5218,1179.8445
"218","10am",366.9699,1559.3064,6286.9595,2024.7133,1825.8463
"219","10am",570.8181,1166.5981,5636.7388,1388.746,560.3568
"220","10am",297.8695,933.6515,3291.3211,2395.8818,528.2829
"221","10am",497.2801,782.6726,2512.9015,1764.5814,620.0069
"222","10am",314.6717,956.6451,4162.2428,2062.5678,497.3649
"223","10am",210.8743,521.6007,3427.2771,1230.2075,886.6153
"224","10am",417.7005,2245.4562,4898.5366,3623.0199,557.2027
"225","10am",469.5349,1533.1483,5224.3307,4220.1714,823.9186
"226","10am",499.2391,2589.1877,6493.4828,2217.0302,1621.3423
"227","10am",104.2113,443.0423,1547.6197,1521.9488,428.6946
"228","10am",365.5903,1445.2375,6140.9251,3507.9133,908.6155
"229","10am",373.9581,786.0747,2691.5491,1696.0868,459.4477
"230","10am",152.9567,694.9377,2550.1635,1605.6605,777.9256
"231","10am",823.3124,1368.448,8063.1206,2858.4102,1873.145
"232","10am",207.9412,485.2006,3308.6724,2302.9558,647.9931
"233","10am",543.5165,513.8204,2813.2598,1315.9555,776.4045
"101","11am",227.0268,938.4774,2975.2798,2745.0979,1502.7305
"102","11am",432.026,560.3135,3049.3966,2721.1031,1279.5999
"103","11am",132.1736,735.814,2075.0778,1194.5765,358.9712
"104","11am",287.6593,434.0154,1096.7903,1367.3738,1073.4199
"105","11am",201.0719,419.2143,2537.1068,1588.3114,1130.4947
"106","11am",238.4247,285.7327,1982.1324,786.0567,1159.354
"107","11am",35.3787,1022.5312,3210.3371,1363.2336,1174.3113
"108","11am",257.1385,416.6551,1420.9096,1467.3914,901.9374
"109","11am",209.2713,841.4542,1501.6608,622.0681,407.3855
"110","11am",167.235,217.1989,1147.7329,1005.8777,550.2921
"111","11am",265.1909,1688.6047,7613.4219,5106.3725,3883.6904
"112","11am",201.8942,445.3274,2355.5781,1255.7471,1494.9131
"113","11am",238.9182,436.6095,1552.5288,1150.205,884.8037
"114","11am",136.606,507.1908,841.8774,431.744,238.8176
"115","11am",163.7049,292.7815,1097.4382,1227.6448,1237.8068
"116","11am",533.7724,736.8229,1513.4923,306.5833,94.9821
"117","11am",462.4674,990.7962,2203.9343,750.5531,233.6335
"118","11am",76.1583,1119.0268,2264.1727,1982.0447,1222.8546
"119","11am",110.9311,721.7847,1627.2428,715.1515,164.7617
"120","11am",487.4456,723.9111,2065.3683,1269.7456,714.3125
"121","11am",108.4772,747.4066,957.7204,672.0604,168.9647
"122","11am",311.0746,2732.1277,4518.1885,3040.649,1201.0314
"123","11am",120.4558,1111.8707,1482.26,670.9673,403.4297
"124","11am",218.275,657.024,974.2505,840.2335,203.234
"125","11am",203.7348,1005.8621,1051.1947,1276,590.468
"126","11am",198.3859,470.6251,872.5493,469.0726,165.2693
"127","11am",56.3739,165.2911,545.6676,591.0737,266.067
"128","11am",159.1832,1162.0259,1591.9317,1601.4264,585.4462
"129","11am",123.7141,670.2526,1264.8234,1280.4021,758.7322
"130","11am",54.914,366.7467,1131.5335,766.3714,738.5604
"131","11am",259.8336,319.6995,703.3407,433.2839,251.2491
"132","11am",370.9257,1801.3858,2105.2563,1041.5378,434.664
"133","11am",224.3545,1109.1352,2516.5498,1331.8939,911.8751
"134","11am",190.0613,1812.7339,2187.1981,1494.8962,605.8968
"201","11am",412.5694,979.7695,2164.2327,845.2141,1249.8894
"202","11am",291.4265,571.1216,2962.411,624.7168,766.5802
"203","11am",83.6586,554.0525,1413.4609,922.7255,389.3974
"204","11am",323.1576,1086.0029,3713.0227,1271.1434,718.3242
"205","11am",45.1199,450.3981,1703.5192,848.4782,247.0119
"206","11am",269.9654,1298.1173,4571.3789,1624.6975,743.1717
"207","11am",291.0539,953.3823,4103.3206,3362.3961,1172.8075
"208","11am",173.6774,500.1033,3062.2787,875.1985,756.1858
"209","11am",603.8306,512.3518,3679.985,2298.1124,1831.605
"210","11am",252.3573,1272.2874,5010.8847,1899.1586,705.2839
"211","11am",844.3343,1259.5126,8058.5364,3767.4891,2869.0594
"212","11am",135.3357,364.9444,2091.8401,895.5364,316.4689
"213","11am",171.834,1265.8544,3779.0809,633.7216,1090.8615
"214","11am",349.7761,1107.9599,4790.2762,1776.1547,844.4127
"215","11am",256.8626,160.7606,1994.718,1718.2021,489.1087
"216","11am",290.9787,365.9007,2358.3319,1391.1028,308.3073
"217","11am",363.5316,770.511,3801.4758,2210.1836,1256.0786
"218","11am",366.9699,1566.338,6224.9016,2082.5296,1469.711
"219","11am",628.4188,1181.5072,5364.3361,1284.8862,556.5822
"220","11am",297.8695,1027.2699,3562.7086,2444.7711,557.9185
"221","11am",497.2801,695.0091,2457.8554,1728.7601,594.3058
"222","11am",314.6717,895.0828,4087.8957,2130.4931,501.3999
"223","11am",210.8743,560.85,3330.8668,1148.8119,778.7323
"224","11am",417.7005,2088.8802,4727.6971,3630.2141,663.1035
"225","11am",469.5349,1477.588,5372.964,3750.8722,823.9186
"226","11am",499.2391,2589.1877,5963.3997,2201.4307,1777.4736
"227","11am",45.1194,444.3273,1575.2034,1511.6159,513.9466
"228","11am",365.5903,1445.2375,6354.0797,3512.3726,709.031
"229","11am",373.9581,780.9672,2699.9334,1696.0868,366.8381
"230","11am",212.0486,805.3478,2564.8206,1510.5166,737.793
"231","11am",679.0412,1287.1072,7928.929,2817.228,1866.1583
"232","11am",400.6286,485.2006,3270.8293,1982.068,820.2733
"233","11am",495.1003,430.8057,2880.5591,1477.9321,877.5542
"101","12am",152.8996,873.2394,2912.938,2264.5698,1581.7743
"102","12am",475.2138,369.275,2866.4832,2405.1062,1291.9729
"103","12am",157.0265,687.9748,1844.1875,1015.1153,362.8292
"104","12am",362.2848,296.3297,1177.8292,1511.5039,1291.9354
"105","12am",154.3181,419.2143,2466.4617,1607.6717,970.6328
"106","12am",359.9259,322.9963,1325.4618,688.41,795.2465
"107","12am",37.8005,1184.3223,3240.6445,1587.2724,966.1309
"108","12am",232.9514,458.1683,1212.0544,1528.5747,1094.6481
"109","12am",260.8833,897.7673,1607.3195,620.2212,530.5037
"110","12am",139.8101,236.1982,1012.6505,1183.7611,706.8573
"111","12am",234.7124,1523.5817,7053.5463,4812.3652,3449.4498
"112","12am",201.8942,544.756,2113.446,1185.5539,1331.6268
"113","12am",270.955,259.9771,1800.6401,1273.4089,1293.75
"114","12am",136.606,493.2948,847.0404,326.7154,201.4286
"115","12am",136.4302,394.7271,1360.2528,1400.313,954.7103
"116","12am",523.652,660.8053,1390.3617,379.2273,188.8133
"117","12am",508.4382,978.8145,2148.5295,879.1454,339.4506
"118","12am",63.7911,961.2116,2310.9796,1482.4167,957.5322
"119","12am",110.9311,494.8523,1236.115,935.5555,409.0295
"120","12am",533.9368,847.9035,2039.0892,1195.9217,646.2596
"121","12am",62.6534,631.7458,984.8743,650.662,323.81
"122","12am",311.0746,2543.1473,5341.3955,2407.8183,1041.062
"123","12am",120.4558,1344.462,1722.7398,762.2001,390.4483
"124","12am",218.275,526.9763,1220.9245,947.121,212.561
"125","12am",171.698,957.8705,1014.8911,1235.5671,620.697
"126","12am",198.3859,445.5269,887.0539,506.0882,194.2941
"127","12am",56.3739,142.9663,719.3187,629.4563,638.3736
"128","12am",159.1832,1178.5381,1784.2607,1472.2796,464.5989
"129","12am",181.8286,578.4642,1267.891,1403.6666,809.0111
"130","12am",100.7378,492.8286,1012.9222,1007.8724,668.5977
"131","12am",259.8336,374.7648,847.668,520.1361,380.9612
"132","12am",370.9257,1868.4096,2178.1119,1322.4459,471.7433
"133","12am",224.3545,1240.3645,2630.784,1202.6037,805.9701
"134","12am",190.0613,1912.2821,2286.677,1948.5008,696.0657
"201","12am",412.5694,874.0388,2343.1992,775.3106,1269.1514
"202","12am",291.4265,641.0789,3301.4394,565.0218,860.3393
"203","12am",83.6586,428.2326,1461.6157,943.0864,419.2832
"204","12am",323.1576,1289.8966,3799.519,1119.3914,631.4167
"205","12am",45.1199,450.3981,1922.5655,896.241,247.0119
"206","12am",269.9654,1366.2733,4047.9663,1894.6135,967.6053
"207","12am",263.1822,1108.6218,4276.5374,3260.5283,646.5706
"208","12am",173.6774,485.6616,3327.7063,934.7956,918.8359
"209","12am",505.0467,598.7651,3779.218,2322.283,1770.4915
"210","12am",297.0831,1322.4827,4985.0449,2001.75,653.1629
"211","12am",844.3343,1275.3258,8198.0493,3588.6096,2602.2954
"212","12am",135.3357,361.4529,2214.6138,927.2271,419.808
"213","12am",171.834,1358.1468,3695.6809,579.4468,1032.2721
"214","12am",349.7761,840.534,5252.4035,1811.2231,1057.6983
"215","12am",256.8626,241.0594,2304.131,1766.8765,709.7373
"216","12am",290.9787,365.9007,2397.6229,1444.3016,282.4569
"217","12am",363.5316,982.1593,4382.4737,2202.6128,1417.8741
"218","12am",366.9699,1520.8014,6288.6398,2253.3362,1152.7622
"219","12am",628.4188,1168.0866,4659.9843,1140.5417,746.5084
"220","12am",297.8695,1027.2699,3325.3837,2302.1759,721.9989
"221","12am",497.2801,727.2848,2442.4269,1429.579,717.3985
"222","12am",314.6717,982.7463,4138.9861,2806.2571,573.178
"223","12am",210.8743,560.85,3127.766,886.7633,753.7701
"224","12am",417.7005,2399.0727,5227.7986,3986.6942,923.6571
"225","12am",469.5349,1770.3808,5444.1993,4201.2403,1262.5893
"226","12am",499.2391,2324.0599,5710.8851,1775.896,1399.8239
"227","12am",45.1194,488.6462,1582.8255,1597.7038,422.0664
"228","12am",365.5903,1129.8985,6174.6043,3548.2093,1057.5496
"229","12am",373.9581,876.5212,2850.3144,1680.2537,490.645
"230","12am",212.0486,762.4579,3033.8094,1604.8133,817.7253
"231","12am",594.3912,1095.8465,7097.9538,2531.076,1880.0796
"232","12am",400.6286,568.5067,3107.7299,2369.379,875.8277
"233","12am",495.1003,713.1663,3205.7708,1480.4064,824.7643
"101","1pm",167.085,855.4899,3077.3914,1976.7308,1725.957
"102","1pm",475.2138,457.8958,2842.7872,2772.9425,1011.1633
"103","1pm",157.0265,719.2488,1668.0713,1012.0594,266.6715
"104","1pm",279.9284,544.9739,1586.7261,1394.976,933.7767
"105","1pm",198.5955,491.084,2936.1368,1656.263,1060.9499
"106","1pm",261.142,430.0755,1465.5297,659.9653,944.3319
"107","1pm",10.5258,1038.4879,3536.7598,1704.1461,1135.4731
"108","1pm",210.3756,401.6827,958.4784,1290.2469,896.3476
"109","1pm",255.6767,766.8102,1536.5408,564.1164,628.2348
"110","1pm",120.8108,161.9944,1065.63,1039.7153,650.5598
"111","1pm",271.6632,1415.7654,7136.6484,4638.5795,3808.1212
"112","1pm",201.8942,518.8012,2204.0847,1415.5864,1358.1776
"113","1pm",270.955,381.7466,1626.446,1204.427,1178.9603
"114","1pm",76.2477,367.6601,771.1845,351.4753,217.2088
"115","1pm",204.6961,330.0428,1324.4385,1232.7444,1237.4584
"116","1pm",510.9935,631.3905,1565.5513,316.1875,233.2164
"117","1pm",462.4674,944.441,2007.3594,950.5378,298.0602
"118","1pm",78.716,949.5912,2429.1174,1895.6782,1146.839
"119","1pm",179.168,584.0298,1405.3101,929.0633,254.7909
"120","1pm",657.0538,926.4367,2222.1424,1222.7785,651.3098
"121","1pm",97.9562,568.6213,842.3615,503.3091,183.1382
"122","1pm",285.3735,2836.6378,5085.305,2676.7606,1107.0372
"123","1pm",120.4558,1115.1504,1361.9852,685.1365,361.8709
"124","1pm",218.275,605.1978,1177.2735,936.3732,259.859
"125","1pm",43.1558,1048.8691,998.1243,1158.6564,640.6296
"126","1pm",185.7309,487.2057,808.027,569.0015,217.3403
"127","1pm",56.3739,146.9816,674.7195,673.7563,617.5874
"128","1pm",130.8141,1153.1038,1807.375,1689.1825,470.9235
"129","1pm",209.611,553.9606,1085.6572,1427.7701,739.5906
"130","1pm",100.7378,530.0001,1031.3473,920.5557,689.2656
"131","1pm",238.3959,327.7042,731.8401,545.483,346.4717
"132","1pm",268.542,1466.7639,1868.8957,1034.0201,469.8113
"133","1pm",224.3545,1276.7023,2551.3877,1569.238,814.1733
"134","1pm",272.4177,1932.8268,2232.2725,1626.9758,525.4458
"201","1pm",352.2189,998.293,2365.9385,832.6002,1234.4354
"202","1pm",291.4265,585.9572,2667.5166,579.8059,808.9209
"203","1pm",83.6586,388.4104,1302.7688,895.8578,343.5277
"204","1pm",323.1576,1175.767,3898.982,1404.2013,750.8322
"205","1pm",45.1199,572.1069,2091.1215,817.3676,247.0119
"206","1pm",269.9654,1314.4492,4362.7767,1594.8174,810.4583
"207","1pm",207.6219,1119.446,3055.7192,3342.2343,764.4571
"208","1pm",142.6023,391.7448,3233.3562,938.9094,712.548
"209","1pm",505.0467,499.3788,3808.8268,2399.5034,1835.0194
"210","1pm",297.0831,1304.1611,4744.283,1915.872,714.87
"211","1pm",844.3343,1259.5126,7679.3259,3724.9523,2602.2954
"212","1pm",135.3357,361.4529,2086.5572,565.9694,361.2186
"213","1pm",171.834,1293.2876,3659.4917,647.0635,1090.8615
"214","1pm",349.7761,1093.4334,5569.5841,1510.4507,921.3661
"215","1pm",256.8626,319.4619,2431.9739,1750.1189,687.1416
"216","1pm",261.968,444.128,2308.6569,1288.5859,376.8691
"217","1pm",363.5316,709.9154,3794.7859,1854.1699,1244.276
"218","1pm",366.9699,1305.0238,6200.9143,2364.9866,1511.7335
"219","1pm",628.4188,1326.4057,4802.4875,1474.9944,707.0212
"220","1pm",297.8695,910.04,3464.5936,2358.6333,596.2866
"221","1pm",497.2801,673.0358,2638.0335,1430.234,629.6149
"222","1pm",314.6717,1044.3086,4216.2758,2619.3158,495.1972
"223","1pm",210.8743,482.3514,3430.7062,1087.2159,796.2835
"224","1pm",389.8288,1993.9577,5313.5546,4300.8552,891.3814
"225","1pm",469.5349,1947.5533,5619.303,3862.0485,1037.1379
"226","1pm",499.2391,2534.0662,5131.0755,2028.6689,1515.4312
"227","1pm",104.2113,488.6462,1706.1826,1398.0106,380.0955
"228","1pm",394.601,1132.1417,6430.1797,3473.3471,955.75
"229","1pm",458.6081,935.6209,2688.395,1754.6788,414.3283
"230","1pm",152.9567,728.7236,2836.2187,1609.4128,754.1128
"231","1pm",564.4005,1249.5664,7573.5252,2761.5999,1881.2355
"232","1pm",430.6193,359.8043,3217.492,2160.6766,967.6007
"233","1pm",593.8842,736.9489,3178.9822,1400.2855,824.7643
"101","2pm",276.7826,869.4008,3767.3526,2272.9694,1877.3551
"102","2pm",421.3809,354.541,3039.6884,2524.9585,1372.6605
"103","2pm",164.7405,511.4866,1847.6981,1215.738,346.9046
"104","2pm",277.2798,488.3598,1275.8287,1278.6029,930.9684
"105","2pm",174.8577,438.4296,2882.3315,1691.9263,1357.2527
"106","2pm",181.563,414.1803,1450.0936,690.7229,916.8215
"107","2pm",81.8385,835.8727,3112.4996,1740.6043,1028.7885
"108","2pm",210.3756,548.6009,1420.3374,1352.7221,762.2339
"109","2pm",255.6767,766.8168,1369.2322,543.571,484.8949
"110","2pm",97.2414,127.7257,948.7272,892.608,728.8997
"111","2pm",247.3291,1703.4465,7270.5277,4445.2352,3617.6354
"112","2pm",280.9724,569.2743,2271.9349,1373.6519,1192.6768
"113","2pm",193.9932,400.6697,1420.2481,1089.5905,1156.4495
"114","2pm",76.2477,363.9101,697.5969,362.0351,188.9398
"115","2pm",204.6961,482.7834,1183.8822,1253.179,1116.8341
"116","2pm",592.2127,660.6641,1358.72,277.8047,352.1486
"117","2pm",329.2667,1107.816,1904.4355,905.8928,327.085
"118","2pm",100.1537,943.0644,2304.6493,2125.8709,1048.959
"119","2pm",179.168,714.2308,1370.1282,770.6117,164.1202
"120","2pm",596.7033,828.877,2228.1944,1153.6466,762.1613
"121","2pm",100.2004,673.6992,910.2794,680.4151,153.0066
"122","2pm",331.1973,2590.6731,6174.5189,2926.404,1411.5926
"123","2pm",120.4558,1006.129,1197.2745,672.1552,403.4297
"124","2pm",218.275,472.7678,1183.6663,846.5835,239.8501
"125","2pm",90.7033,1212.5616,1093.3444,1135.943,624.9688
"126","2pm",163.917,593.0459,808.3086,677.8436,178.6865
"127","2pm",82.4414,126.4158,766.4217,694.9844,592.1273
"128","2pm",143.6495,1042.6934,1513.979,1715.0174,495.2581
"129","2pm",209.611,567.7689,1330.3266,1626.5318,695.915
"130","2pm",54.914,365.0905,913.18,706.6838,792.8564
"131","2pm",238.3959,327.7042,733.7654,451.1519,209.276
"132","2pm",326.6483,1281.6903,2058.6844,1021.4867,502.7395
"133","2pm",186.1318,1299.0924,2446.7888,1556.7742,1011.324
"134","2pm",272.4177,1860.3619,1993.1838,1283.1284,491.1871
"201","2pm",352.2189,1005.0024,2363.368,944.5955,1076.7521
"202","2pm",302.6852,585.9572,2676.3243,451.9902,764.5999
"203","2pm",109.3597,424.305,1243.8081,877.0976,386.6523
"204","2pm",323.1576,1237.0639,3666.0527,1309.8098,783.2296
"205","2pm",45.1199,568.9904,2001.3942,788.225,290.2869
"206","2pm",269.9654,1298.677,4795.1918,1591.8962,601.4885
"207","2pm",207.6219,1165.5006,2982.2462,3116.6505,764.4589
"208","2pm",173.6774,307.679,3261.8172,1025.3741,690.6793
"209","2pm",603.8306,570.1739,3815.4779,2385.8247,1531.5828
"210","2pm",357.2867,1225.5412,5028.8236,1921.7338,802.2741
"211","2pm",786.3046,1253.9373,7855.5932,3863.766,2291.9663
"212","2pm",135.3357,428.0702,1882.742,562.4779,397.5519
"213","2pm",135.1637,1261.0517,3579.9728,611.0443,1138.8804
"214","2pm",202.5111,1072.0189,5225.8886,1636.6961,848.84
"215","2pm",220.2284,239.3509,2370.137,1772.6207,520.7423
"216","2pm",261.968,415.5548,2165.9577,1124.1576,483.6274
"217","2pm",363.5316,618.5115,3751.8316,2082.3489,1438.6879
"218","2pm",395.5771,1357.9375,6937.2145,2325.8896,1472.7477
"219","2pm",636.4819,1314.3563,4536.2597,1352.7037,763.9622
"220","2pm",248.9802,916.0631,3429.2795,2242.7973,554.5075
"221","2pm",497.2801,673.0358,2544.8063,1385.3542,629.6149
"222","2pm",314.6717,1045.5888,4367.4509,2767.9339,651.6774
"223","2pm",210.8743,543.9137,3381.0481,1133.9022,749.4676
"224","2pm",428.0856,1792.0209,5310.6473,4104.6889,990.1653
"225","2pm",469.5349,2103.0755,5408.2544,3471.7633,955.6878
"226","2pm",266.1887,2339.7548,5370.7651,2212.5569,1651.3472
"227","2pm",104.2113,582.4151,1508.3498,1617.4714,500.0811
"228","2pm",394.601,1254.8943,6206.7792,3577.0707,919.1035
"229","2pm",458.6081,886.3752,2466.6272,1767.6167,414.3283
"230","2pm",152.9567,854.38,2987.8362,1537.9898,783.958
"231","2pm",564.4005,1250.3614,7621.5016,3019.0503,1791.2406
"232","2pm",430.6193,437.6819,3716.3528,1994.2387,850.1116
"233","2pm",495.1003,856.7456,3188.1623,1475.5447,766.1441
"101","3pm",221.5416,1139.4696,3416.3939,2068.6929,2181.6331
"102","3pm",518.8183,326.1243,3527.5899,2679.3389,1310.9477
"103","3pm",164.7405,667.9882,1837.9853,1174.6453,445.0981
"104","3pm",246.7595,472.3565,1380.6553,1307.2252,830.9359
"105","3pm",136.6681,579.1704,2458.0951,1663.6726,1312.2083
"106","3pm",269.8659,325.5549,1419.5962,906.0821,791.0178
"107","3pm",126.8728,919.8573,2919.2287,1586.1471,944.4333
"108","3pm",214.9479,484.9691,1228.0025,1398.9386,779.0824
"109","3pm",279.6036,847.6616,1383.2435,589.408,512.626
"110","3pm",111.3808,128.2496,996.8796,976.0618,665.5686
"111","3pm",265.2485,1780.544,6867.1403,4470.9346,3647.0812
"112","3pm",298.7082,479.1181,1924.5046,1415.7503,1235.971
"113","3pm",169.4789,280.1972,1460.7731,1022.3392,1128.0324
"114","3pm",27.3985,415.3285,704.9286,442.2546,145.3174
"115","3pm",122.9184,257.4931,1196.2471,1231.8862,1118.4283
"116","3pm",510.8069,555.2614,1228.6262,284.1913,367.5739
"117","3pm",361.5515,1030.2538,1918.9385,911.3511,205.4617
"118","3pm",78.716,958.1366,2400.3393,2034.5496,1110.2701
"119","3pm",262.1078,753.5125,1698.765,1033.6029,160.8796
"120","3pm",511.0934,732.6453,2159.5473,1134.3714,538.2409
"121","3pm",116.4945,633.432,974.4075,629.6529,121.8951
"122","3pm",240.9711,2267.4888,6522.9179,2622.3624,1385.0952
"123","3pm",99.4398,1095.7439,1212.1357,673.3804,399.009
"124","3pm",239.291,503.8016,1020.5547,733.8603,280.875
"125","3pm",137.7355,1142.7903,1076.7112,1153.0241,561.0513
"126","3pm",172.4664,577.8743,861.3279,482.0226,334.4746
"127","3pm",56.3739,110.9873,761.1446,712.0395,589.1065
"128","3pm",130.8141,1210.2156,1467.2316,1666.1743,523.2021
"129","3pm",181.8286,570.6341,1045.411,1768.7842,888.6855
"130","3pm",100.7378,365.0905,939.6106,815.875,778.1729
"131","3pm",259.8336,338.1144,798.3757,463.2409,299.7167
"132","3pm",326.6483,1289.2862,2025.7956,943.0442,463.7391
"133","3pm",171.9501,1368.5418,2208.0574,1632.2503,1057.5344
"134","3pm",272.4177,1882.5519,1765.3325,1121.6789,545.2344
"201","3pm",296.9046,874.4148,2292,934.9068,1041.5615
"202","3pm",316.8669,623.6614,2235.3434,497.1269,785.4001
"203","3pm",91.2391,394.6857,1257.3808,851.1701,288.4266
"204","3pm",323.1576,1164.4048,3773.4776,1412.9376,762.8226
"205","3pm",45.1199,568.9904,1905.0629,796.9779,321.6072
"206","3pm",283.2299,1388.986,4491.8732,1723.7785,491.0917
"207","3pm",111.1206,1148.0816,2848.4684,3014.5491,678.1314
"208","3pm",142.6023,251.7469,3729.9891,804.1109,757.905
"209","3pm",603.8306,689.3315,3691.6223,2318.6924,1733.3753
"210","3pm",297.0831,1204.977,5148.8824,1776.4945,802.2741
"211","3pm",880.9685,1355.2635,7596.4485,3522.713,2521.8445
"212","3pm",135.3357,430.3873,1793.894,784.9439,380.5552
"213","3pm",135.1637,1338.3965,3570.8498,630.5685,1188.0427
"214","3pm",349.7761,1072.0189,5214.5896,1499.4422,835.8871
"215","3pm",220.2284,226.331,2272.6263,1744.2664,523.0466
"216","3pm",290.9787,415.5548,2032.2328,1429.1323,347.3058
"217","3pm",363.5316,813.5496,3714.2131,2061.0923,1220.4656
"218","3pm",435.637,1272.9433,7597.9158,2342.4629,1812.9391
"219","3pm",596.422,1243.266,4221.0576,1371.8877,675.7908
"220","3pm",248.9802,916.0631,3454.8396,2429.0802,514.0754
"221","3pm",497.2801,673.0358,2668.5134,1313.5863,562.0301
"222","3pm",440.1354,859.4369,4423.0957,2618.0264,559.0875
"223","3pm",85.4106,673.2191,3094.4038,1294.7982,693.5109
"224","3pm",428.0856,1948.5969,5231.8937,4078.0812,747.2914
"225","3pm",469.5349,2158.6358,5854.9221,3299.8972,778.4398
"226","3pm",499.2391,2264.5901,5220.9713,2749.1251,1672.4639
"227","3pm",135.2864,495.2467,1491.007,1651.8526,545.2119
"228","3pm",517.6519,1293.4054,6192.0522,3424.1571,941.6119
"229","3pm",496.8308,767.6287,2405.8888,1863.7723,414.3283
"230","3pm",152.9567,789.0697,3117.6924,1341.929,783.958
"231","3pm",564.4005,1177.812,8141.0474,2960.7781,1778.1778
"232","3pm",430.6193,710.0944,3690.6459,2469.6044,720.9112
"233","3pm",495.1003,801.1912,3239.8459,1529.8339,926.9326
"101","4pm",227.316,1155.9801,2881.0038,2511.5585,1729.069
"102","4pm",294.5953,457.8097,2393.0305,2259.9907,1171.4599
"103","4pm",164.7405,584.7566,1350.8214,1039.5065,520.7985
"104","4pm",230.3646,456.0275,1162.9559,1417.3165,757.7885
"105","4pm",120.2615,501.608,1697.9398,1542.0403,1152.9092
"106","4pm",283.9399,346.3359,1714.7011,786.1478,811.4244
"107","4pm",130.46,777.7527,3124.8329,1350.8321,1081.3346
"108","4pm",90.8378,480.0416,1133.6698,1493.6255,838.2133
"109","4pm",270.5482,994.5211,1437.7624,377.4766,448.6842
"110","4pm",44.3818,238.0872,1069.6624,1000.9121,715.8421
"111","4pm",236.0709,1582.5639,5360.1683,3867.3011,3275.3153
"112","4pm",320.4373,380.8348,1595.7194,1305.1724,1069.3277
"113","4pm",187.6443,298.3626,1410.6271,1122.8394,886.1473
"114","4pm",50.5598,524.6863,654.4382,475.6954,181.5376
"115","4pm",199.563,288.0358,1257.5782,1310.915,1107.2485
"116","4pm",420.13,753.0804,1419.994,205.9407,338.463
"117","4pm",434.2017,969.8833,2030.664,926.3397,205.4617
"118","4pm",139.2551,740.8493,2047.2375,1896.181,1265.5139
"119","4pm",189.6938,826.4931,1878.2888,1189.274,159.9751
"120","4pm",476.6982,839.641,2067.9776,1177.3352,565.2628
"121","4pm",39.8499,608.4244,785.9745,686.5647,299.9859
"122","4pm",222.8505,2369.8415,6063.8311,2571.9889,1228.0308
"123","4pm",120.4558,953.7236,1183.0202,634.2949,437.2579
"124","4pm",184.423,496.4979,1033.1557,678.5152,179.5848
"125","4pm",208.8988,1106.3344,1050.3295,1378.3182,672.9258
"126","4pm",197.3934,504.2088,928.1188,533.3601,176.1197
"127","4pm",56.3739,56.7049,659.8623,886.0443,343.3491
"128","4pm",130.8141,1121.8357,1515.0237,1772.1132,452.135
"129","4pm",151.3501,548.9807,1294.3573,1576.334,862.3473
"130","4pm",100.7378,434.2295,1016.5572,1056.6652,818.5981
"131","4pm",259.8336,280.7254,796.2984,813.5594,298.1562
"132","4pm",370.9257,872.8453,1909.5232,1141.4544,478.5002
"133","4pm",186.1318,1329.0215,2044.2415,1397.5821,1120.3902
"134","4pm",232.1922,1671.7112,2072.5701,1163.6141,581.0781
"201","4pm",357.2551,883.2274,2739.7168,828.9387,1347.548
"202","4pm",291.4265,518.5126,2294.9318,592.2244,821.9674
"203","4pm",109.3597,388.4104,1229.104,946.1026,385.8754
"204","4pm",323.1576,1248.2025,3670.5693,1553.6964,762.8226
"205","4pm",84.3692,652.7848,1957.5682,891.5993,503.6867
"206","4pm",269.9654,1392.3592,5049.795,1517.6287,664.945
"207","4pm",111.1206,1040.3838,3695.1099,3005.2415,1228.4217
"208","4pm",142.6023,482.3486,4312.7923,793.2071,828.3368
"209","4pm",603.8306,781.2357,3989.5285,2117.9506,1751.7803
"210","4pm",297.0831,1214.51,5325.8243,1795.7295,732.9418
"211","4pm",893.2345,1260.3029,7187.5831,3501.3942,2810.0494
"212","4pm",123.0697,407.866,1921.1375,749.6017,356.5819
"213","4pm",135.1637,1412.6175,3616.943,754.335,1157.9939
"214","4pm",349.7761,1019.9597,5213.7103,1388.6542,589.4288
"215","4pm",220.2284,226.331,2495.0688,1808.6304,489.1087
"216","4pm",290.9787,505.4454,2416.6403,1480.7686,310.2238
"217","4pm",286.1466,906.5898,4149.2411,1947.4415,1224.0988
"218","4pm",594.0566,1212.9974,6534.9839,2105.267,1538.7536
"219","4pm",515.3874,1283.8123,4497.6296,1460.2961,1007.316
"220","4pm",297.8695,1076.5306,3763.6159,2408.8212,514.0754
"221","4pm",397.0741,643.4315,2978.4788,1247.7005,480.2647
"222","4pm",440.1354,881.2387,4383.2508,2824.7659,647.8246
"223","4pm",185.6166,651.4173,3075.2378,978.0085,748.2845
"224","4pm",389.8288,1910.3401,5295.0671,4580.8986,833.039
"225","4pm",514.1091,2033.7535,6198.216,3578.9922,890.6035
"226","4pm",454.6649,2341.6047,4990.5307,2260.7726,1699.1758
"227","4pm",144.3439,546.261,1629.5852,1715.1644,463.7452
"228","4pm",517.6519,1293.4054,6413.1367,3411.7573,941.5179
"229","4pm",542.0037,865.7748,2650.2084,1793.5404,434.9287
"230","4pm",166.0353,777.4527,3265.9231,1348.074,740.7392
"231","4pm",595.4756,949.9077,7128.988,2538.5583,1889.8811
"232","4pm",430.6193,982.5068,3802.0596,2291.5458,821.7111
"233","4pm",339.7535,725.6751,3451.8243,1687.3543,822.282
"101","5pm",150.3893,925.6395,2340.6031,1768.7468,1552.2066
"102","5pm",232.6512,368.9064,1854.6012,1803.7326,1145.0209
"103","5pm",202.9973,791.1112,1319.1347,1211.3871,551.4908
"104","5pm",244.6514,343.4043,1148.7995,1541.9028,723.5496
"105","5pm",220.0712,600.9044,1484.6455,1796.9413,965.7112
"106","5pm",308.5382,188.9354,1174.7257,990.9649,1001.1734
"107","5pm",71.3127,888.8926,3191.1313,1634.8015,1026.6725
"108","5pm",147.6514,456.2323,1273.0001,1939.4327,930.7743
"109","5pm",294.7353,1031.6742,1334.4507,581.5935,471.305
"110","5pm",44.3818,129.6019,798.6639,1042.3693,633.5127
"111","5pm",262.471,1179.6512,4224.9437,3111.4435,2689.0785
"112","5pm",226.3384,324.9442,878.3029,1264.0632,913.8393
"113","5pm",226.1252,316.3552,1310.5807,1050.7603,906.8489
"114","5pm",87.7568,480.4314,781.9918,182.1231,199.9966
"115","5pm",204.6961,274.4795,1131.8497,1092.8444,1197.571
"116","5pm",420.13,774.0132,1281.5316,204.8314,234.5619
"117","5pm",473.1046,1083.263,1877.87,931.1135,152.2905
"118","5pm",32.7898,672.7276,1766.0768,1514.7701,1098.3163
"119","5pm",227.3494,834.1555,1701.503,1273.9451,220.6072
"120","5pm",456.3198,823.2618,2342.1099,1475.1282,452.8688
"121","5pm",62.6534,450.6583,799.2087,784.8369,141.9164
"122","5pm",330.2583,2185.0408,4782.4983,2281.6192,845.8747
"123","5pm",149.1246,842.8519,1380.0321,669.2177,298.571
"124","5pm",184.423,676.6972,1244.2024,969.8003,264.2192
"125","5pm",169.9959,793.6255,1249.9772,1183.2695,457.8675
"126","5pm",159.1366,473.1434,1010.5795,485.8884,221.077
"127","5pm",56.3739,124.3253,688.4356,1009.3747,436.327
"128","5pm",183.8867,946.1725,1388.4629,1815.2661,545.2973
"129","5pm",154.1926,532.2934,1473.0919,1704.7827,919.6559
"130","5pm",100.7378,667.754,986.2484,1302.9821,842.9484
"131","5pm",259.8336,339.8478,788.0505,828.8527,361.2187
"132","5pm",346.4815,584.7359,1874.2853,1143.4605,536.0629
"133","5pm",214.5009,1484.0195,1765.5654,1323.1399,856.4846
"134","5pm",272.4177,1791.035,2230.7987,1795.1181,581.0781
"201","5pm",357.2551,930.9421,2909.2407,978.809,1495.343
"202","5pm",291.4265,642.9994,2785.4649,737.054,841.8315
"203","5pm",109.3597,453.8386,1720.3435,935.8172,554.4684
"204","5pm",284.2519,1274.0097,4469.8144,1476.5893,885.6381
"205","5pm",84.3692,761.2289,2400.6046,1096.4568,536.7042
"206","5pm",269.9654,1626.3829,5057.33,1702.6447,719.4097
"207","5pm",263.1822,881.7826,4481.3893,3102.4676,1628.1681
"208","5pm",173.6774,551.1429,4076.5584,990.0435,986.0258
"209","5pm",603.8306,894.8193,4179.4073,2115.5927,2267.8043
"210","5pm",297.0831,997.8657,5326.0127,2179.2357,700.9204
"211","5pm",844.3343,991.1433,7382.4896,3713.4964,2919.1875
"212","5pm",135.3357,571.6173,1726.8691,641.9854,511.1704
"213","5pm",171.834,1081.2721,3727.6123,822.9312,1091.1171
"214","5pm",349.7761,1182.6691,5245.219,1356.5146,907.0669
"215","5pm",256.8626,308.0427,2651.3097,1885.38,507.2766
"216","5pm",329.8844,579.9774,2846.5579,1443.397,334.1513
"217","5pm",363.5316,1480.9603,5141.6501,2227.255,1737.0066
"218","5pm",517.6785,1237.7303,6145.3154,1881.6126,1239.7956
"219","5pm",477.7102,1240.3763,4476.8293,1351.1002,853.8696
"220","5pm",297.8695,967.1951,3581.7703,2449.1205,546.8984
"221","5pm",397.0741,648.9116,2869.7017,1377.0485,452.5193
"222","5pm",440.1354,922.8806,4665.5328,2624.7012,853.4171
"223","5pm",185.6166,459.3454,3193.5572,1082.8763,786.0567
"224","5pm",389.8288,2624.5525,5387.7277,4483.7965,848.556
"225","5pm",372.9536,2565.7493,7083.4058,4243.6401,1232.0992
"226","5pm",499.2391,2054.5818,4094.6639,2028.2051,1604.1845
"227","5pm",144.3439,607.5405,1921.0962,1734.7442,360.265
"228","5pm",429.1732,1551.1607,7529.6465,3433.8146,1090.4861
"229","5pm",542.0037,779.3092,2614.7275,1742.4659,434.9287
"230","5pm",166.0353,763.978,3494.8035,1702.4196,967.8222
"231","5pm",674.5744,807.9489,6433.9003,2243.6641,1670.2555
"232","5pm",430.6193,1010.4036,4596.3593,2347.1002,1079.1707
"233","5pm",339.7535,892.5275,3865.0228,1586.5319,844.9462
"101","6pm",150.3893,697.1077,1786.6579,1684.6564,695.5084
"102","6pm",232.6512,355.4341,1603.1452,1600.7117,944.5822
"103","6pm",202.9973,700.9955,1599.7598,1278.5903,664.9541
"104","6pm",244.6514,342.5013,963.5695,1707.7976,942.8911
"105","6pm",201.0719,510.8146,1271.2054,1737.0684,1141.1146
"106","6pm",308.5382,149.1132,1086.358,1084.7916,915.8365
"107","6pm",33.7389,998.9129,3041.2332,2114.1777,1006.5649
"108","6pm",262.8469,328.9371,1157.3497,1930.6998,937.6754
"109","6pm",236.6962,1154.3936,1572.8319,609.2586,362.6577
"110","6pm",167.7669,371.8912,804.0577,1193.3877,770.62
"111","6pm",316.4268,1149.8473,2891.7561,2493.8313,1371.4253
"112","6pm",226.2379,351.3354,976.5152,956.4982,847.8787
"113","6pm",226.1252,277.5836,1158.2337,1206.4651,775.9792
"114","6pm",110.9181,511.398,862.4023,247.8166,224.0575
"115","6pm",177.4214,350.2907,1306.493,1411.3345,838.9093
"116","6pm",516.0431,844.6485,1334.5,299.8124,241.6411
"117","6pm",462.4674,1182.207,1854.8483,796.1541,244.5421
"118","6pm",56.9769,629.5244,1280.6164,1359.4143,588.0042
"119","6pm",312.9593,619.8051,1548.9933,876.8186,328.3094
"120","6pm",370.5245,868.4999,2395.5335,1654.2382,431.6415
"121","6pm",62.6534,476.2711,873.6738,641.3521,229.7428
"122","6pm",330.2583,2434.6817,3415.3023,1956.9339,861.1862
"123","6pm",120.4558,729.6704,1256.0833,781.4336,234.9369
"124","6pm",184.423,619.1407,1185.585,1026.8577,374.1015
"125","6pm",203.8479,909.4887,747.4105,1259.1025,570.1163
"126","6pm",145.8721,447.8332,979.9218,549.9998,425.0288
"127","6pm",56.3739,191.0502,717.7735,1101.2372,488.0035
"128","6pm",183.8867,720.0861,1432.2915,1707.02,559.005
"129","6pm",154.1926,529.666,1503.6333,1591.9446,923.6484
"130","6pm",100.7378,666.5326,1023.9799,1673.5808,1042.044
"131","6pm",259.8336,339.8478,917.9211,1054.7734,498.4497
"132","6pm",346.4815,744.9729,1840.4244,1173.0795,540.5547
"133","6pm",214.5009,1349.0509,1466.6354,1086.5377,476.2903
"134","6pm",190.0613,2047.7893,2256.0275,1995.3463,459.2064
"201","6pm",412.5694,1044.7396,3162.1943,1104.1186,1585.413
"202","6pm",291.4265,570.4193,3179.0764,752.8226,1354.4226
"203","6pm",109.3597,537.4987,1883.1569,885.9479,792.1572
"204","6pm",284.2519,1228.4972,4985.1137,1346.8117,958.5297
"205","6pm",84.3692,907.8932,2531.7623,1263.3127,613.9514
"206","6pm",283.2299,1735.1003,5273.5136,1453.152,712.1597
"207","6pm",263.1822,859.2742,5801.1309,3044.8792,2285.8479
"208","6pm",173.6774,531.2076,4130.765,1288.2871,1276.4742
"209","6pm",722.3737,1175.5435,4417.8876,2848.0132,2622.502
"210","6pm",252.3573,989.3875,5372.6588,1995.8527,718.274
"211","6pm",844.3343,1140.6013,7375.8385,3908.4731,2585.7981
"212","6pm",135.3357,565.7162,1759.9407,723.6081,798.3537
"213","6pm",171.834,1179.4656,3757.8118,877.0821,1032.8913
"214","6pm",349.7761,1023.8575,5599.4507,1589.5745,883.7265
"215","6pm",256.8626,308.0427,2578.9883,2066.0054,603.7374
"216","6pm",329.8844,579.9774,3479.0851,1259.0211,291.2915
"217","6pm",363.5316,1597.6958,5355.1721,2602.2113,1924.8686
"218","6pm",562.3738,1024.9275,5537.0221,1638.9106,996.8789
"219","6pm",477.7102,1399.5858,4513.8755,1073.0445,1007.8023
"220","6pm",297.8695,960.8852,4324.6785,2472.0271,546.8984
"221","6pm",397.0741,642.3857,2898.7033,1443.2435,499.2648
"222","6pm",440.1354,962.6411,5240.4378,2865.9525,1079.4853
"223","6pm",185.6166,419.5849,3203.7846,900.7079,629.8025
"224","6pm",389.8288,3127.3461,5456.9044,4373.9186,993.1075
"225","6pm",469.5349,2544.6975,7248.7827,4403.8289,1777.4225
"226","6pm",499.2391,1996.229,4407.2028,1915.4053,1097.4061
"227","6pm",144.3439,569.0216,2073.0439,1887.0024,495.6232
"228","6pm",429.1732,1579.4584,8461.2849,3501.6712,1144.383
"229","6pm",542.0037,849.1553,2779.3956,1712.3174,695.6756
"230","6pm",166.0353,947.8648,3486.0262,1702.4196,833.3472
"231","6pm",674.5744,924.8947,6020.8592,2123.767,1566.2924
"232","6pm",430.6193,801.9033,6003.1992,2555.8026,1592.8099
"233","6pm",339.7535,793.7436,4273.6885,2004.8087,1099.5362
"101","7pm",157.7322,534.2152,1221.0299,1724.5293,843.3798
"102","7pm",205.0152,299.1952,1245.7718,1902.5913,1169.9823
"103","7pm",202.9973,663.5314,1501.3428,1123.6776,768.1176
"104","7pm",257.7208,342.5013,1253.0859,1924.8444,930.5595
"105","7pm",154.3181,438.8394,1252.5269,1695.4802,1059.2689
"106","7pm",308.5382,224.9232,886.4525,896.7871,889.3154
"107","7pm",0,1059.5726,2681.6478,2125.4309,1082.909
"108","7pm",262.8469,392.0881,1496.5974,1975.6427,1038.2277
"109","7pm",343.2133,1171.3812,1647.5917,689.7805,314.2504
"110","7pm",140.3917,391.4381,806.419,1312.9453,768.0201
"111","7pm",354.9077,1267.4638,2460.6087,2175.0042,1053.7333
"112","7pm",226.3384,401.6878,1020.7743,1091.7565,772.5846
"113","7pm",200.4373,303.2715,1270.9082,1371.5065,899.9873
"114","7pm",110.9181,536.4214,963.8534,242.8441,251.3322
"115","7pm",204.6961,323.016,1277.8652,1517.8736,979.5221
"116","7pm",533.4,841.5026,1311.0315,185.8121,154.822
"117","7pm",462.4674,1214.4729,2075.4119,525.7074,244.5421
"118","7pm",86.227,626.6203,1287.3105,1128.7795,411.3783
"119","7pm",225.2754,654.5852,1380.3356,679.2353,141.9495
"120","7pm",415.4093,967.0952,2360.5851,1480.2219,312.6949
"121","7pm",137.1546,432.0624,739.5298,838.6996,236.1045
"122","7pm",285.3735,2180.7708,3213.629,1574.3507,646.9827
"123","7pm",120.4558,847.1591,1268.9084,763.0452,154.7203
"124","7pm",184.423,641.3244,1319.8376,1378.3012,368.5895
"125","7pm",203.8479,971.6094,961.0539,1362.9587,522.3898
"126","7pm",145.8721,532.1083,990.014,532.6434,352.6166
"127","7pm",56.3739,208.4677,609.9026,1245.4604,584.893
"128","7pm",209.0151,727.5727,1575.9421,1894.129,438.5914
"129","7pm",181.8286,603.6,1547.7894,1578.4505,1005.4716
"130","7pm",54.914,714.5613,939.818,1652.2919,1217.887
"131","7pm",259.8336,392.9636,1008.7221,1149.1938,542.56
"132","7pm",331.9149,689.4011,2096.3155,1472.4451,515.381
"133","7pm",214.5009,1360.6822,1682.4032,871.6702,158.4353
"134","7pm",190.0613,2143.9612,2478.5477,1905.9905,482.6372
"201","7pm",412.5694,1018.611,3342.52,1235.9634,1888.7493
"202","7pm",209.0965,495.1175,3192.9462,752.8226,1460.8389
"203","7pm",143.6224,711.2294,1861.8658,932.9016,857.9035
"204","7pm",317.9363,1088.544,5176.9862,1583.2772,1017.6117
"205","7pm",84.3692,808.2895,2720.0255,1201.2421,708.0726
"206","7pm",269.9654,1633.8914,5593.5853,1532.4103,1102.781
"207","7pm",263.1822,1059.4966,6171.6815,3124.1424,2525.1547
"208","7pm",173.6774,415.168,4321.2422,1387.7711,1384.2448
"209","7pm",722.3737,1156.913,4693.9882,2702.5772,2942.4406
"210","7pm",252.3573,1040.8494,5231.9227,2482.963,689.4371
"211","7pm",844.3343,1054.1223,8011.617,3652.7525,2699.3903
"212","7pm",135.3357,565.7162,1894.799,861.399,792.6684
"213","7pm",171.834,1265.9446,3712.575,899.9726,971.4096
"214","7pm",349.7761,915.6501,6012.7939,1839.69,1022.157
"215","7pm",256.8626,437.8078,2876.6759,2114.3178,773.2091
"216","7pm",329.8844,579.9774,3560.7365,1545.8506,373.7284
"217","7pm",363.5316,1531.4903,5834.1317,2533.6463,1852.1864
"218","7pm",611.2631,1223.5587,4883.2176,1562.4888,1010.3585
"219","7pm",505.4909,1217.6938,4188.0924,1054.0688,1002.3086
"220","7pm",248.9802,1020.624,4393.1902,2389.8359,689.7917
"221","7pm",397.0741,642.3857,3074.0599,1478.056,504.588
"222","7pm",440.1354,962.6411,5483.7834,2648.2151,1104.6551
"223","7pm",160.4882,419.5849,3218.3165,1041.9837,806.4374
"224","7pm",389.8288,2988.0576,5912.5499,4323.2568,1017.407
"225","7pm",469.5349,2721.9455,7487.402,4532.6041,2093.4702
"226","7pm",499.2391,2107.9416,4392.5703,1868.9707,989.7364
"227","7pm",144.3439,709.8454,2179.102,1797.3103,492.1826
"228","7pm",429.1732,1597.3485,8633.5058,3578.5972,1553.8749
"229","7pm",457.3537,877.08,2960.6023,1712.3174,675.0752
"230","7pm",152.9567,834.8778,3773.6669,1702.355,1070.7563
"231","7pm",759.2244,1017.8952,5920.3956,2631.047,1164.0312
"232","7pm",430.6193,829.8613,5871.0846,2403.062,1621.6713
"233","7pm",339.7535,793.7436,4258.1229,2036.4233,1297.766
"101","8pm",157.7322,405.4007,1153.4514,1651.6686,923.9155
"102","8pm",244.4801,299.1952,978.1223,1967.8172,1199.8969
"103","8pm",202.9973,569.7159,1625.8512,1284.6738,826.6059
"104","8pm",257.7208,278.4258,1297.1548,1989.829,904.1706
"105","8pm",154.3181,438.8394,947.435,1789.5472,1112.8427
"106","8pm",308.5382,180.7145,794.608,900.7154,752.3632
"107","8pm",0,1156.5569,2642.0412,2163.5329,1096.7053
"108","8pm",262.8469,486.3921,1482.8898,1962.9455,1187.3413
"109","8pm",260.8833,1279.6833,1575.0284,715.972,188.3488
"110","8pm",108.1069,252.0315,794.537,1239.6119,760.9899
"111","8pm",354.9077,1085.1644,2279.9758,2016.0578,794.0423
"112","8pm",186.8735,466.8406,1034.3725,1205.1026,1075.7447
"113","8pm",226.1252,277.5836,1237.3581,1366.5503,909.7698
"114","8pm",110.9181,536.4214,1016.3817,319.6068,251.3322
"115","8pm",204.6961,221.5934,1224.4264,1405.3633,780.5746
"116","8pm",546.4786,1034.4803,1362.6596,171.325,111.6974
"117","8pm",462.4674,1210.9387,2062.7727,511.9647,244.5421
"118","8pm",60.5391,759.0619,1218.8844,944.5533,485.7739
"119","8pm",139.6655,649.8212,1307.044,619.8662,98.3648
"120","8pm",501.0192,967.0952,2867.1175,1194.9974,330.628
"121","8pm",169.4394,510.1831,799.4136,656.1494,382.4746
"122","8pm",285.3735,2146.7112,3224.5701,1601.3209,505.8104
"123","8pm",120.4558,582.4755,1318.3384,723.4312,211.2051
"124","8pm",184.423,578.6677,1245.3779,1363.4396,410.3535
"125","8pm",237.5868,971.6094,1052.1332,1389.8468,332.622
"126","8pm",145.8721,576.5189,1090.9888,577.054,294.5017
"127","8pm",56.3739,192.1686,603.1228,1318.4208,638.9155
"128","8pm",209.0151,657.8948,1407.7773,1906.8742,510.8829
"129","8pm",181.8286,603.6,1583.4842,1454.2544,919.2219
"130","8pm",54.914,650.7776,953.2113,1649.824,1424.8323
"131","8pm",259.8336,410.3811,1047.5083,1292.2476,621.6669
"132","8pm",331.9149,763.4485,2059.5946,1584.5267,718.8436
"133","8pm",214.5009,1360.6822,1705.0596,680.5416,118.7282
"134","8pm",190.0613,2185.0242,2403.9741,2030.2866,415.612
"201","8pm",412.5694,1018.611,3337.6156,1272.8594,1804.5708
"202","8pm",291.4265,495.1175,3239.6162,881.6862,1421.9066
"203","8pm",143.6224,711.902,1916.7238,868.2534,915.4747
"204","8pm",317.9363,1187.7854,4936.3101,1478.0523,921.4685
"205","8pm",84.3692,772.1567,2874.5337,1298.3636,797.1628
"206","8pm",369.5691,1665.6247,5672.816,1658.0586,1102.781
"207","8pm",263.1822,1078.944,6158.2853,3249.3929,2640.0781
"208","8pm",173.6774,415.168,4186.0543,1375.805,1450.3322
"209","8pm",722.3737,1178.4291,4707.7176,2641.2785,3001.3995
"210","8pm",252.3573,1072.501,5231.9227,2803.4446,624.1282
"211","8pm",844.3343,1054.1223,7913.4776,3754.0787,2781.5737
"212","8pm",135.3357,593.1494,1966.0651,815.9161,851.2578
"213","8pm",171.834,1238.5114,3693.6749,899.9726,1054.9562
"214","8pm",349.7761,915.6501,6270.0481,1932.8223,1089.6188
"215","8pm",256.8626,437.8078,2710.0436,2206.3508,773.2091
"216","8pm",329.8844,579.9774,3570.1193,1526.6783,446.7475
"217","8pm",363.5316,1394.2301,5928.5439,2681.0185,1893.9655
"218","8pm",518.1552,1151.4766,4611.1871,1546.0555,890.8825
"219","8pm",598.5988,1217.6938,4345.4076,1010.2165,1134.8182
"220","8pm",248.9802,1157.8842,4390.0937,2433.6882,612.0626
"221","8pm",397.0741,642.3857,3074.0599,1519.7904,504.588
"222","8pm",453.3999,1128.7023,5676.3366,2772.1934,1744.7652
"223","8pm",160.4882,419.5849,3228.5105,1122.232,626.819
"224","8pm",389.8288,2988.0576,6064.6989,4316.7682,1123.3078
"225","8pm",469.5349,2721.9455,7414.9265,4614.8541,2264.1398
"226","8pm",499.2391,2107.9416,4411.0266,1868.9707,844.4494
"227","8pm",144.3439,801.296,2102.8872,1842.4411,492.1826
"228","8pm",429.1732,1597.3485,8857.7329,3617.0781,1582.4523
"229","8pm",457.3537,836.2893,2960.6023,1667.1866,638.9114
"230","8pm",152.9567,804.7019,4071.0533,1702.355,1050.1559
"231","8pm",759.2244,964.9635,6326.2151,2657.2757,1164.0312
"232","8pm",430.6193,883.003,5654.0494,2721.9305,1686.1025
"233","8pm",339.7535,793.7436,4735.6351,2452.6166,1297.766
"101","9pm",157.7322,262.2765,1073.3709,1490.0571,935.0132
"102","9pm",244.4801,299.1952,1018.2681,1837.1801,1124.6331
"103","9pm",202.9973,569.7159,1534.465,1318.5934,870.2866
"104","9pm",257.7208,308.4041,1296.4897,2200.4098,935.2821
"105","9pm",154.3181,474.4145,947.435,1755.5673,1121.7263
"106","9pm",308.5382,180.7145,699.2381,950.4672,788.949
"107","9pm",0,1156.5569,2615.919,2116.9887,1101.8423
"108","9pm",262.8469,525.4913,1462.2298,1972.4746,1208.0013
"109","9pm",260.8833,1240.5841,1600.6647,609.5827,212.5359
"110","9pm",108.1069,252.0315,814.2646,1239.6119,722.263
"111","9pm",354.9077,1085.1644,2143.6699,1969.89,737.8338
"112","9pm",186.8735,494.2158,1063.4058,1147.6018,1066.3816
"113","9pm",226.1252,322.5487,1301.5269,1323.9644,891.6856
"114","9pm",110.9181,536.4214,1063.8027,319.6068,224.0575
"115","9pm",204.6961,248.8681,1269.6309,1473.255,829.4026
"116","9pm",546.4786,1014.7781,1301.4162,189.9555,111.6974
"117","9pm",462.4674,1262.9068,2141.8935,593.9405,229.8625
"118","9pm",112.9412,716.8605,1129.3853,1026.5445,464.4755
"119","9pm",139.6655,675.9498,1341.0441,612.559,98.3648
"120","9pm",501.0192,1117.7191,2864.0223,1139.5899,398.7598
"121","9pm",169.4394,465.9744,779.4434,653.4504,361.8146
"122","9pm",285.3735,2042.7382,3109.5282,1845.5448,478.4593
"123","9pm",120.4558,662.0857,1297.2975,737.1509,224.9248
"124","9pm",218.275,827.6163,1304.8883,1344.8091,444.2055
"125","9pm",203.7348,971.6094,1023.9952,1389.8468,326.3305
"126","9pm",145.8721,576.5189,1071.4634,595.4791,294.5017
"127","9pm",56.3739,264.7605,623.6886,1257.6045,513.0139
"128","9pm",209.0151,627.9165,1377.799,1882.7925,464.9121
"129","9pm",181.8286,577.4714,1583.4842,1390.4707,919.2219
"130","9pm",54.914,604.9538,953.2113,1769.6275,1454.418
"131","9pm",259.8336,410.3811,1047.5083,1242.3248,621.6669
"132","9pm",331.9149,828.7589,2093.2567,1628.8041,679.7444
"133","9pm",214.5009,1136.4243,1660.5128,625.6723,87.2553
"134","9pm",190.0613,2420.4942,2562.5064,1969.6545,388.0515
"201","9pm",412.5694,1018.611,3362.0598,1272.8594,1815.3516
"202","9pm",291.4265,495.1175,3239.6162,881.6862,1421.9066
"203","9pm",143.6224,711.902,1931.3533,969.3184,915.4747
"204","9pm",317.9363,1054.7576,4886.5633,1377.4429,921.4685
"205","9pm",84.3692,772.1567,2839.7852,1337.3107,797.1628
"206","9pm",317.167,1616.4529,5704.1617,1711.1312,1102.781
"207","9pm",263.1822,1059.4966,6240.1963,3430.8301,2751.1987
"208","9pm",173.6774,415.168,4333.7931,1308.9804,1450.3322
"209","9pm",722.3737,1178.4291,4833.6192,2598.458,3127.3011
"210","9pm",252.3573,1041.3506,5231.9227,2773.1389,624.1282
"211","9pm",844.3343,1054.1223,7921.0639,3707.6157,2781.5737
"212","9pm",135.3357,593.1494,1958.4788,856.4111,851.2578
"213","9pm",171.834,1238.5114,3716.5654,942.6109,1087.2319
"214","9pm",349.7761,915.6501,6361.4014,2089.2473,1089.6188
"215","9pm",256.8626,437.8078,2578.9749,2206.3508,773.2091
"216","9pm",329.8844,606.6881,3570.1193,1526.6783,446.7475
"217","9pm",363.5316,1339.3412,6155.747,2540.8135,1893.9655
"218","9pm",518.1552,1206.3655,4340.7209,1546.0555,836.8503
"219","9pm",598.5988,1217.6938,4454.6604,899.2744,1070.8269
"220","9pm",248.9802,1157.8842,4381.0069,2482.5775,730.0861
"221","9pm",397.0741,642.3857,3323.9696,1643.134,472.3123
"222","9pm",453.3999,1128.7023,5908.8808,2845.2278,1744.7652
"223","9pm",160.4882,419.5849,3202.8556,1090.5928,626.819
"224","9pm",389.8288,2988.0576,5982.7879,4316.7682,1123.3078
"225","9pm",469.5349,2721.9455,7414.9265,4779.7068,2393.15
"226","9pm",499.2391,2161.3014,4411.0266,1675.5406,715.4392
"227","9pm",144.3439,801.296,2102.8872,1929.8969,492.1826
"228","9pm",429.1732,1651.3677,9035.8499,3617.0781,1459.3398
"229","9pm",457.3537,836.2893,2960.6023,1667.1866,659.5118
"230","9pm",152.9567,804.7019,4048.9626,1702.355,1098.8054
"231","9pm",759.2244,964.9635,6180.5178,2619.427,1248.6812
"232","9pm",430.6193,883.003,5744.0386,2721.9305,1601.4525
"233","9pm",339.7535,761.4777,4696.7905,2438.2592,1297.766
"101","10pm",111.9084,222.8162,950.745,1359.0155,824.1718
"102","10pm",244.4801,247.5666,1067.3679,1775.6684,960.8525
"103","10pm",202.9973,607.9051,1572.6542,1243.8751,870.2866
"104","10pm",257.7208,285.1827,1151.5272,2018.8842,982.0359
"105","10pm",154.3181,474.4145,947.435,1845.568,1082.0488
"106","10pm",308.5382,180.7145,682.5567,961.7259,915.375
"107","10pm",0,1213.6409,2710.4352,2036.7438,1133.8637
"108","10pm",133.7276,568.6159,1462.2298,1910.3369,1240.7338
"109","10pm",260.8833,1240.5841,1626.854,519.2685,147.4207
"110","10pm",108.1069,273.5476,814.2646,1263.1813,760.9899
"111","10pm",316.4268,1114.5019,2090.3287,1854.1777,815.2435
"112","10pm",186.8735,494.2158,1122.4692,1234.3994,980.8093
"113","10pm",264.6061,322.5487,1340.0078,1413.8211,954.6779
"114","10pm",110.9181,536.2972,1063.8027,305.0566,224.0575
"115","10pm",204.6961,224.534,1168.1105,1497.6478,807.7099
"116","10pm",546.4786,1015.0513,1354.7574,294.6724,151.3711
"117","10pm",462.4674,1262.9068,2141.8935,653.9528,197.5868
"118","10pm",112.9412,643.9833,1085.2411,971.1968,406.4748
"119","10pm",139.6655,739.3418,1341.0441,629.4874,98.3648
"120","10pm",501.0192,1161.2588,2829.2738,1183.1296,360.0329
"121","10pm",111.3331,465.9744,812.4299,725.4796,321.5891
"122","10pm",285.3735,1909.992,2778.28,1782.8916,398.7175
"123","10pm",120.4558,662.0857,1317.2389,764.8632,253.5022
"124","10pm",218.275,847.6252,1304.8883,1356.7831,417.6476
"125","10pm",203.7348,971.6094,1023.9952,1347.8964,344.6575
"126","10pm",145.8721,615.9792,1117.5771,625.4905,342.8389
"127","10pm",56.3739,264.7605,643.136,1277.0519,526.4161
"128","10pm",209.0151,668.682,1358.5476,1799.7778,408.1129
"129","10pm",181.8286,638.8016,1643.5011,1362.0591,998.1652
"130","10pm",100.7378,604.9538,976.0595,1868.0232,1370.2395
"131","10pm",259.8336,392.9636,1092.7828,1266.3393,687.7044
"132","10pm",390.0212,828.7589,2117.7009,1628.8041,759.4862
"133","10pm",214.5009,1126.5265,1620.9756,625.6723,87.2553
"134","10pm",272.4177,2472.1228,2751.1672,2009.88,428.277
"201","10pm",412.5694,1018.611,3506.9051,1258.2325,1947.8502
"202","10pm",291.4265,495.1175,3239.6162,881.6862,1421.9066
"203","10pm",143.6224,711.902,2068.5222,995.0195,915.4747
"204","10pm",317.9363,1153.999,4972.6185,1351.7418,921.4685
"205","10pm",84.3692,772.1567,2909.2822,1337.3107,797.1628
"206","10pm",317.167,1616.4529,5658.7171,1774.7904,1083.4686
"207","10pm",263.1822,1002.4126,6240.1963,3416.1625,2751.1987
"208","10pm",173.6774,374.4025,4288.8368,1228.5294,1450.3322
"209","10pm",722.3737,1156.913,4820.6029,2849.0293,3107.5613
"210","10pm",252.3573,1041.3506,5265.5362,2773.1389,570.855
"211","10pm",844.3343,1054.1223,7884.3936,3707.6157,2769.3077
"212","10pm",135.3357,593.1494,1871.9998,856.4111,912.7395
"213","10pm",171.834,1238.5114,3802.8187,904.3904,1087.2319
"214","10pm",349.7761,915.6501,6361.4014,2089.2473,1089.6188
"215","10pm",256.8626,437.8078,2588.0261,2206.3508,773.2091
"216","10pm",329.8844,606.6881,3570.1193,1526.6783,446.7475
"217","10pm",363.5316,1286.7331,6286.8157,2540.8135,1893.9655
"218","10pm",518.1552,1206.3655,4376.7802,1546.0555,836.8503
"219","10pm",598.5988,1217.6938,4418.6011,899.2744,1070.8269
"220","10pm",248.9802,1157.8842,4361.4473,2573.8932,730.0861
"221","10pm",397.0741,642.3857,3372.8315,1643.134,504.588
"222","10pm",453.3999,1128.7023,5832.3728,2845.2278,1744.7652
"223","10pm",160.4882,419.5849,3279.3636,1122.232,626.819
"224","10pm",389.8288,2988.0576,6065.0379,4399.0182,1123.3078
"225","10pm",469.5349,2721.9455,7623.1016,4844.5752,2393.15
"226","10pm",499.2391,2161.3014,4411.0266,1675.5406,715.4392
"227","10pm",144.3439,801.296,2102.8872,1929.8969,492.1826
"228","10pm",429.1732,1651.3677,9206.698,3617.0781,1553.8749
"229","10pm",457.3537,836.2893,2960.6023,1640.2304,695.6756
"230","10pm",152.9567,804.7019,3977.0763,1724.7117,1152.7524
"231","10pm",759.2244,964.9635,6237.0747,2549.5508,1385.8724
"232","10pm",430.6193,883.003,5744.0386,2721.9305,1562.6793
"233","10pm",339.7535,761.4777,4663.773,2501.1181,1297.766
"101","11pm",111.9084,222.8162,981.2087,1233.7621,722.1483
"102","11pm",244.4801,284.8302,876.7656,1736.8361,796.0718
"103","11pm",202.9973,591.0806,1520.9999,1243.8751,870.2866
"104","11pm",257.7208,315.703,1088.6978,1930.9584,996.523
"105","11pm",154.3181,474.4145,953.5282,1934.9038,1137.8253
"106","11pm",308.5382,180.7145,706.9814,986.1506,879.7469
"107","11pm",0,1141.988,2720.2297,2094.7556,1145.5076
"108","11pm",180.4905,538.0956,1462.2298,1948.6585,1240.7338
"109","11pm",260.8833,1264.7692,1626.854,519.2685,147.4207
"110","11pm",140.3917,273.5476,767.7829,1371.3692,858.8951
"111","11pm",316.4268,1085.1644,1929.1848,1854.1777,815.2435
"112","11pm",186.8735,494.2158,1096.3806,1160.352,892.2748
"113","11pm",264.6061,348.2366,1340.0078,1413.8211,954.6779
"114","11pm",110.9181,536.2972,1087.8636,302.8441,224.0575
"115","11pm",204.6961,198.8461,1168.1105,1497.6478,901.2914
"116","11pm",546.4786,1015.0513,1374.4596,294.6724,151.3711
"117","11pm",462.4674,1301.8097,2141.8935,653.9528,197.5868
"118","11pm",129.3361,673.3208,1085.2411,983.9212,427.7732
"119","11pm",139.6655,739.3418,1400.1529,629.4874,98.3648
"120","11pm",544.5589,1161.2588,2748.6974,1157.3682,350.7536
"121","11pm",62.6534,465.9744,812.4299,725.4796,262.3725
"122","11pm",285.3735,1994.0468,2772.7401,1732.9688,357.6809
"123","11pm",120.4558,678.9102,1308.2623,783.9008,253.5022
"124","11pm",218.275,847.6252,1261.3486,1356.6366,417.6476
"125","11pm",203.7348,959.7351,949.905,1190.4384,464.535
"126","11pm",145.8721,615.9792,1117.5771,625.4905,342.8389
"127","11pm",56.3739,282.178,643.136,1274.5406,486.0421
"128","11pm",209.0151,668.682,1269.598,1799.7778,408.1129
"129","11pm",181.8286,638.8016,1617.5948,1362.0591,1059.1222
"130","11pm",100.7378,604.9538,1042.5412,1934.5049,1370.2395
"131","11pm",259.8336,392.9636,1092.7828,1316.2621,687.7044
"132","11pm",346.4815,828.7589,2038.8544,1702.8515,833.5336
"133","11pm",214.5009,1126.5265,1761.9164,707.4554,87.2553
"134","11pm",272.4177,2472.1228,2700.7622,2090.331,428.277
"201","11pm",412.5694,1018.611,3554.1876,1176.5907,1947.8502
"202","11pm",291.4265,495.1175,3239.6162,881.6862,1468.5766
"203","11pm",143.6224,751.7242,1947.4208,1020.7206,915.4747
"204","11pm",317.9363,1153.999,4977.4852,1413.1461,921.4685
"205","11pm",84.3692,772.1567,2952.0026,1400.0582,764.1453
"206","11pm",317.167,1616.4529,5803.0894,1907.8237,1083.4686
"207","11pm",263.1822,964.6214,6288.1229,3416.1625,2751.1987
"208","11pm",173.6774,374.4025,4467.4058,1288.4712,1490.2032
"209","11pm",722.3737,1156.913,4712.4036,2849.0293,3107.5613
"210","11pm",252.3573,1041.3506,5265.5362,2773.1389,570.855
"211","11pm",844.3343,1054.1223,7900.3219,3707.6157,2687.1243
"212","11pm",135.3357,593.1494,1907.0193,856.4111,912.7395
"213","11pm",171.834,1238.5114,3802.8187,904.3904,1087.2319
"214","11pm",349.7761,915.6501,6246.4623,2027.843,1171.8022
"215","11pm",256.8626,437.8078,2588.0261,2206.3508,773.2091
"216","11pm",329.8844,606.6881,3632.9487,1563.8728,446.7475
"217","11pm",363.5316,1286.7331,6286.8157,2540.8135,2044.0327
"218","11pm",469.2659,1258.9736,4440.7715,1546.0555,632.957
"219","11pm",598.5988,1217.6938,4418.6011,899.2744,1124.653
"220","11pm",297.8695,1157.8842,4452.763,2573.8932,730.0861
"221","11pm",397.0741,642.3857,3372.8315,1605.9395,504.588
"222","11pm",453.3999,1128.7023,5893.9351,2942.607,1744.7652
"223","11pm",160.4882,419.5849,3237.3609,1024.8528,626.819
"224","11pm",389.8288,2948.2354,6065.0379,4373.9186,1123.3078
"225","11pm",469.5349,2721.9455,7623.1016,4844.5752,2393.15
"226","11pm",499.2391,2161.3014,4411.0266,1675.5406,715.4392
"227","11pm",144.3439,801.296,2059.6112,1929.8969,492.1826
"228","11pm",429.1732,1651.3677,9206.698,3617.0781,1553.8749
"229","11pm",457.3537,836.2893,3079.4384,1640.2304,695.6756
"230","11pm",152.9567,804.7019,3977.0763,1724.7117,1152.7524
"231","11pm",759.2244,964.9635,5906.8542,2369.3497,1287.4544
"232","11pm",430.6193,883.003,6035.752,2820.3485,1716.6517
"233","11pm",339.7535,761.4777,4836.1311,2431.5127,1297.766
"101","12pm",111.9084,222.8162,1023.5999,1233.7621,684.4747
"102","12pm",289.3649,247.5666,806.8799,1680.6183,796.0718
"103","12pm",202.9973,591.0806,1572.6542,1157.5612,906.9242
"104","12pm",291.4052,349.3874,1046.3066,1923.225,922.4756
"105","12pm",154.3181,474.4145,953.5282,1946.8103,1175.4989
"106","12pm",308.5382,217.9781,706.9814,1017.7541,879.7469
"107","12pm",0,1144.4905,2769.8952,2047.5926,1145.5076
"108","12pm",180.4905,538.0956,1462.2298,1948.6585,1283.8584
"109","12pm",260.8833,1264.7692,1626.854,519.2685,147.4207
"110","12pm",140.3917,273.5476,767.7829,1371.3692,858.8951
"111","12pm",316.4268,1085.1644,1929.1848,1834.8777,815.2435
"112","12pm",186.8735,430.047,1070.6927,1129.1308,892.2748
"113","12pm",264.6061,412.4054,1429.8645,1413.8211,954.6779
"114","12pm",110.9181,590.329,1087.8636,302.8441,224.0575
"115","12pm",204.6961,198.8461,1168.1105,1598.2439,901.2914
"116","12pm",546.4786,1015.0513,1374.4596,274.6635,151.3711
"117","12pm",462.4674,1301.8097,2141.8935,668.9657,197.5868
"118","12pm",129.3361,673.3208,1038.7499,1008.094,449.0716
"119","12pm",139.6655,739.3418,1400.1529,629.4874,98.3648
"120","12pm",499.6741,1089.9382,2795.1886,1138.3138,350.7536
"121","12pm",62.6534,465.9744,812.4299,725.4796,262.3725
"122","12pm",285.3735,1978.8893,2684.5937,1703.7989,336.3825
"123","12pm",120.4558,678.9102,1308.2623,802.9552,253.5022
"124","12pm",218.275,847.6252,1261.3486,1376.6455,417.6476
"125","12pm",203.7348,959.7351,949.905,1190.4384,464.535
"126","12pm",145.8721,628.6342,1117.5771,625.4905,342.8389
"127","12pm",56.3739,282.178,643.136,1274.5406,486.0421
"128","12pm",209.0151,668.682,1269.598,1799.7778,408.1129
"129","12pm",181.8286,638.8016,1617.5948,1362.0591,1059.1222
"130","12pm",100.7378,604.9538,1042.5412,1934.5049,1370.2395
"131","12pm",259.8336,392.9636,1053.9966,1316.2621,687.7044
"132","12pm",346.4815,828.7589,2077.6406,1687.4672,907.581
"133","12pm",214.5009,1159.1399,1761.9164,740.0688,87.2553
"134","12pm",272.4177,2472.1228,2811.7109,2160.2167,428.277
"201","12pm",412.5694,1018.611,3554.1876,1191.975,1947.8502
"202","12pm",291.4265,566.4381,3349.3895,881.6862,1468.5766
"203","12pm",143.6224,751.7242,1906.3578,1020.7206,915.4747
"204","12pm",284.2519,1120.3146,5072.8787,1413.1461,921.4685
"205","12pm",84.3692,772.1567,3019.5356,1400.0582,764.1453
"206","12pm",317.167,1616.4529,5735.5564,1854.7511,1083.4686
"207","12pm",263.1822,964.6214,6288.1229,3416.1625,2751.1987
"208","12pm",173.6774,374.4025,4467.4058,1288.4712,1490.2032
"209","12pm",722.3737,1156.913,4712.4036,2849.0293,3107.5613
"210","12pm",252.3573,1041.3506,5238.8255,2773.1389,570.855
"211","12pm",844.3343,1054.1223,7790.5486,3707.6157,2687.1243
"212","12pm",135.3357,593.1494,1965.7113,856.4111,912.7395
"213","12pm",171.834,1238.5114,3744.1267,904.3904,1054.9562
"214","12pm",349.7761,883.0367,6246.4623,1995.2296,1171.8022
"215","12pm",256.8626,437.8078,2588.0261,2206.3508,773.2091
"216","12pm",329.8844,606.6881,3714.4237,1491.071,446.7475
"217","12pm",363.5316,1286.7331,6286.8157,2540.8135,2044.0327
"218","12pm",469.2659,1258.9736,4440.7715,1546.0555,716.9926
"219","12pm",598.5988,1217.6938,4418.6011,972.0762,1124.653
"220","12pm",297.8695,1157.8842,4452.763,2573.8932,646.0505
"221","12pm",397.0741,642.3857,3419.3132,1605.9395,536.8637
"222","12pm",453.3999,1128.7023,5893.9351,2942.607,1744.7652
"223","12pm",160.4882,419.5849,3237.3609,1024.8528,626.819
"224","12pm",389.8288,2948.2354,6065.0379,4373.9186,1123.3078
"225","12pm",469.5349,2721.9455,7623.1016,4844.5752,2393.15
"226","12pm",499.2391,2161.3014,4411.0266,1675.5406,715.4392
"227","12pm",144.3439,801.296,2059.6112,1929.8969,492.1826
"228","12pm",429.1732,1651.3677,9206.698,3617.0781,1553.8749
"229","12pm",457.3537,836.2893,3079.4384,1660.8308,695.6756
"230","12pm",152.9567,804.7019,3977.0763,1783.3228,1152.7524
"231","12pm",759.2244,964.9635,5881.1663,2310.7386,1287.4544
"232","12pm",430.6193,883.003,6203.6309,2820.3485,1716.6517
"233","12pm",339.7535,761.4777,4716.1455,2431.5127,1297.766
"101","1am",111.9084,222.8162,1023.5999,1264.2258,684.4747
"102","1am",289.3649,247.5666,786.2199,1680.6183,840.9566
"103","1am",202.9973,591.0806,1565.4207,1157.5612,836.3302
"104","1am",291.4052,349.3874,1046.3066,1876.7904,922.4756
"105","1am",154.3181,474.4145,953.5282,2006.5053,1175.4989
"106","1am",308.5382,217.9781,706.9814,1017.7541,879.7469
"107","1am",0,1200.2449,2819.5607,1987.8976,1145.5076
"108","1am",180.4905,538.0956,1482.8898,1948.6585,1283.8584
"109","1am",260.8833,1264.7692,1626.854,519.2685,147.4207
"110","1am",140.3917,273.5476,767.7829,1371.3692,858.8951
"111","1am",316.4268,1085.1644,1929.1848,1834.8777,815.2435
"112","1am",186.8735,430.047,1034.0132,1129.1308,796.1316
"113","1am",264.6061,412.4054,1429.8645,1413.8211,954.6779
"114","1am",110.9181,590.329,1087.8636,302.8441,224.0575
"115","1am",204.6961,198.8461,1125.9163,1567.7802,901.2914
"116","1am",546.4786,1015.0513,1374.4596,274.6635,151.3711
"117","1am",462.4674,1301.8097,2178.573,668.9657,197.5868
"118","1am",129.3361,688.7051,1038.7499,1008.094,449.0716
"119","1am",139.6655,739.3418,1400.1529,629.4874,98.3648
"120","1am",499.6741,1089.9382,2795.1886,1138.3138,350.7536
"121","1am",62.6534,465.9744,812.4299,725.4796,262.3725
"122","1am",285.3735,1912.2763,2634.9282,1703.7989,336.3825
"123","1am",120.4558,678.9102,1308.2623,802.9552,253.5022
"124","1am",218.275,847.6252,1303.5428,1376.6455,417.6476
"125","1am",203.7348,959.7351,949.905,1190.4384,464.535
"126","1am",145.8721,628.6342,1117.5771,625.4905,342.8389
"127","1am",56.3739,282.178,643.136,1274.5406,486.0421
"128","1am",209.0151,653.2977,1207.7966,1752.2273,408.1129
"129","1am",181.8286,638.8016,1617.5948,1362.0591,1059.1222
"130","1am",100.7378,604.9538,1042.5412,1934.5049,1370.2395
"131","1am",259.8336,392.9636,1053.9966,1316.2621,687.7044
"132","1am",346.4815,828.7589,2038.8544,1687.4672,907.581
"133","1am",214.5009,1159.1399,1761.9164,740.0688,87.2553
"134","1am",272.4177,2538.7358,2811.7109,2160.2167,428.277
"201","1am",412.5694,1018.611,3554.1876,1191.975,1947.8502
"202","1am",291.4265,566.4381,3349.3895,881.6862,1494.2858
"203","1am",143.6224,643.5168,1906.3578,1020.7206,915.4747
"204","1am",284.2519,1120.3146,5072.8787,1413.1461,1017.6117
"205","1am",84.3692,772.1567,3019.5356,1400.0582,764.1453
"206","1am",317.167,1616.4529,5735.5564,1854.7511,1083.4686
"207","1am",263.1822,964.6214,6288.1229,3416.1625,2751.1987
"208","1am",173.6774,374.4025,4467.4058,1288.4712,1490.2032
"209","1am",722.3737,1101.1586,4712.4036,2849.0293,3107.5613
"210","1am",252.3573,1041.3506,5238.8255,2773.1389,570.855
"211","1am",844.3343,1054.1223,7790.5486,3707.6157,2687.1243
"212","1am",135.3357,593.1494,1965.7113,880.3528,912.7395
"213","1am",171.834,1238.5114,3744.1267,904.3904,1054.9562
"214","1am",349.7761,883.0367,6246.4623,1995.2296,1171.8022
"215","1am",256.8626,437.8078,2588.0261,2206.3508,773.2091
"216","1am",329.8844,606.6881,3714.4237,1491.071,446.7475
"217","1am",363.5316,1423.9933,6286.8157,2540.8135,2044.0327
"218","1am",469.2659,1258.9736,4440.7715,1546.0555,716.9926
"219","1am",598.5988,1217.6938,4418.6011,972.0762,1124.653
"220","1am",297.8695,1020.624,4452.763,2573.8932,646.0505
"221","1am",397.0741,642.3857,3419.3132,1605.9395,536.8637
"222","1am",453.3999,1128.7023,5893.9351,2942.607,1744.7652
"223","1am",160.4882,419.5849,3237.3609,1024.8528,626.819
"224","1am",389.8288,2948.2354,6065.0379,4373.9186,1123.3078
"225","1am",469.5349,2721.9455,7623.1016,4844.5752,2393.15
"226","1am",499.2391,2161.3014,4411.0266,1675.5406,715.4392
"227","1am",144.3439,801.296,2059.6112,1929.8969,492.1826
"228","1am",429.1732,1633.4776,9206.698,3591.3902,1553.8749
"229","1am",457.3537,836.2893,3125.4581,1660.8308,695.6756
"230","1am",152.9567,804.7019,4038.8777,1883.9459,1152.7524
"231","1am",759.2244,964.9635,5881.1663,2310.7386,1287.4544
"232","1am",430.6193,883.003,6203.6309,2820.3485,1716.6517
"233","1am",339.7535,761.4777,4716.1455,2431.5127,1297.766
"101","2am",111.9084,222.8162,1023.5999,1264.2258,684.4747
"102","2am",289.3649,247.5666,786.2199,1680.6183,840.9566
"103","2am",202.9973,591.0806,1611.3915,1157.5612,836.3302
"104","2am",291.4052,349.3874,1046.3066,1876.7904,922.4756
"105","2am",154.3181,474.4145,953.5282,2006.5053,1175.4989
"106","2am",308.5382,217.9781,744.245,1017.7541,879.7469
"107","2am",0,1200.2449,2819.5607,1987.8976,1145.5076
"108","2am",180.4905,581.2202,1482.8898,1948.6585,1283.8584
"109","2am",260.8833,1143.4508,1655.069,519.2685,147.4207
"110","2am",140.3917,273.5476,767.7829,1371.3692,858.8951
"111","2am",316.4268,1085.1644,1929.1848,1834.8777,929.364
"112","2am",186.8735,430.047,996.7496,1129.1308,796.1316
"113","2am",264.6061,430.2955,1429.8645,1477.9899,954.6779
"114","2am",110.9181,590.329,1087.8636,302.8441,224.0575
"115","2am",204.6961,198.8461,1097.7013,1567.7802,901.2914
"116","2am",546.4786,1034.7535,1374.4596,274.6635,151.3711
"117","2am",462.4674,1282.1075,2178.573,668.9657,197.5868
"118","2am",129.3361,688.7051,1038.7499,1008.094,449.0716
"119","2am",139.6655,860.6602,1400.1529,629.4874,98.3648
"120","2am",499.6741,1089.9382,2795.1886,1138.3138,350.7536
"121","2am",62.6534,465.9744,812.4299,725.4796,262.3725
"122","2am",285.3735,1912.2763,2547.8515,1703.7989,336.3825
"123","2am",120.4558,678.9102,1308.2623,802.9552,253.5022
"124","2am",218.275,886.8336,1303.5428,1376.6455,417.6476
"125","2am",203.7348,959.7351,949.905,1190.4384,464.535
"126","2am",145.8721,628.6342,1117.5771,625.4905,342.8389
"127","2am",56.3739,282.178,670.6237,1274.5406,486.0421
"128","2am",209.0151,653.2977,1207.7966,1752.2273,408.1129
"129","2am",181.8286,638.8016,1617.5948,1362.0591,1059.1222
"130","2am",100.7378,604.9538,1042.5412,1934.5049,1370.2395
"131","2am",259.8336,392.9636,1053.9966,1316.2621,687.7044
"132","2am",346.4815,828.7589,2038.8544,1687.4672,793.4605
"133","2am",214.5009,1159.1399,1761.9164,740.0688,87.2553
"134","2am",272.4177,2538.7358,2811.7109,2160.2167,428.277
"201","2am",412.5694,1018.611,3496.8895,1191.975,1947.8502
"202","2am",291.4265,566.4381,3349.3895,881.6862,1494.2858
"203","2am",143.6224,600.3922,1906.3578,1020.7206,915.4747
"204","2am",284.2519,1120.3146,5026.9079,1413.1461,1017.6117
"205","2am",84.3692,772.1567,3019.5356,1400.0582,764.1453
"206","2am",317.167,1577.2445,5735.5564,1854.7511,1083.4686
"207","2am",263.1822,964.6214,6288.1229,3416.1625,2751.1987
"208","2am",173.6774,374.4025,4524.7039,1288.4712,1490.2032
"209","2am",722.3737,1101.1586,4712.4036,2849.0293,3107.5613
"210","2am",252.3573,1041.3506,5238.8255,2773.1389,570.855
"211","2am",844.3343,1054.1223,7763.0609,3707.6157,2687.1243
"212","2am",135.3357,593.1494,1965.7113,880.3528,912.7395
"213","2am",171.834,1238.5114,3744.1267,904.3904,1054.9562
"214","2am",349.7761,883.0367,6246.4623,1995.2296,1171.8022
"215","2am",256.8626,437.8078,2588.0261,2206.3508,773.2091
"216","2am",329.8844,606.6881,3714.4237,1491.071,446.7475
"217","2am",363.5316,1423.9933,6286.8157,2540.8135,2044.0327
"218","2am",469.2659,1258.9736,4440.7715,1546.0555,716.9926
"219","2am",598.5988,1217.6938,4418.6011,972.0762,1154.5997
"220","2am",297.8695,1020.624,4521.1508,2573.8932,646.0505
"221","2am",397.0741,642.3857,3419.3132,1605.9395,536.8637
"222","2am",453.3999,1128.7023,5893.9351,2942.607,1744.7652
"223","2am",160.4882,419.5849,3237.3609,1024.8528,626.819
"224","2am",389.8288,2948.2354,6152.1146,4373.9186,1123.3078
"225","2am",469.5349,2721.9455,7623.1016,4844.5752,2393.15
"226","2am",499.2391,2161.3014,4411.0266,1721.9752,715.4392
"227","2am",144.3439,801.296,2059.6112,1929.8969,537.302
"228","2am",429.1732,1633.4776,9206.698,3552.9093,1553.8749
"229","2am",457.3537,836.2893,3125.4581,1660.8308,695.6756
"230","2am",152.9567,804.7019,4038.8777,1883.9459,1107.633
"231","2am",759.2244,964.9635,5881.1663,2310.7386,1287.4544
"232","2am",430.6193,883.003,6203.6309,2820.3485,1716.6517
"233","2am",339.7535,761.4777,4716.1455,2431.5127,1297.766
"101","3am",111.9084,222.8162,1023.5999,1264.2258,684.4747
"102","3am",249.9,247.5666,786.2199,1680.6183,840.9566
"103","3am",202.9973,591.0806,1611.3915,1157.5612,809.0555
"104","3am",291.4052,383.0718,1046.3066,1876.7904,922.4756
"105","3am",154.3181,474.4145,953.5282,1997.6632,1175.4989
"106","3am",308.5382,217.9781,744.245,1017.7541,879.7469
"107","3am",0,1200.2449,2761.0296,1937.0447,1145.5076
"108","3am",180.4905,581.2202,1482.8898,1948.6585,1283.8584
"109","3am",260.8833,1143.4508,1655.069,519.2685,147.4207
"110","3am",140.3917,273.5476,767.7829,1371.3692,858.8951
"111","3am",316.4268,1085.1644,1929.1848,1834.8777,929.364
"112","3am",226.3384,430.047,996.7496,1129.1308,796.1316
"113","3am",264.6061,430.2955,1381.0365,1477.9899,954.6779
"114","3am",110.9181,590.329,1087.8636,302.8441,224.0575
"115","3am",204.6961,198.8461,1146.5293,1567.7802,928.5661
"116","3am",546.4786,1034.7535,1419.2191,274.6635,151.3711
"117","3am",462.4674,1282.1075,2178.573,668.9657,197.5868
"118","3am",129.3361,688.7051,1038.7499,1008.094,449.0716
"119","3am",139.6655,860.6602,1400.1529,629.4874,98.3648
"120","3am",499.6741,1089.9382,2795.1886,1138.3138,350.7536
"121","3am",62.6534,465.9744,812.4299,725.4796,262.3725
"122","3am",285.3735,1912.2763,2547.8515,1703.7989,336.3825
"123","3am",120.4558,678.9102,1308.2623,802.9552,253.5022
"124","3am",218.275,886.8336,1303.5428,1376.6455,417.6476
"125","3am",203.7348,1022.5016,905.1455,1190.4384,464.535
"126","3am",145.8721,628.6342,1117.5771,625.4905,342.8389
"127","3am",56.3739,282.178,670.6237,1274.5406,486.0421
"128","3am",209.0151,619.6133,1207.7966,1752.2273,408.1129
"129","3am",181.8286,638.8016,1617.5948,1362.0591,1059.1222
"130","3am",100.7378,604.9538,1101.0723,1934.5049,1370.2395
"131","3am",259.8336,392.9636,1053.9966,1316.2621,687.7044
"132","3am",346.4815,936.9663,2038.8544,1687.4672,793.4605
"133","3am",214.5009,1159.1399,1761.9164,740.0688,87.2553
"134","3am",272.4177,2538.7358,2811.7109,2160.2167,428.277
"201","3am",412.5694,1018.611,3496.8895,1191.975,1947.8502
"202","3am",291.4265,566.4381,3349.3895,881.6862,1494.2858
"203","3am",143.6224,600.3922,1834.8127,1020.7206,915.4747
"204","3am",284.2519,1120.3146,5098.453,1413.1461,1017.6117
"205","3am",84.3692,772.1567,3019.5356,1400.0582,764.1453
"206","3am",317.167,1577.2445,5735.5564,1854.7511,1083.4686
"207","3am",263.1822,964.6214,6288.1229,3416.1625,2751.1987
"208","3am",173.6774,374.4025,4524.7039,1288.4712,1490.2032
"209","3am",722.3737,1038.3921,4712.4036,2849.0293,3107.5613
"210","3am",252.3573,1041.3506,5238.8255,2773.1389,570.855
"211","3am",844.3343,1054.1223,7763.0609,3707.6157,2687.1243
"212","3am",135.3357,593.1494,1965.7113,880.3528,912.7395
"213","3am",171.834,1238.5114,3744.1267,904.3904,1054.9562
"214","3am",349.7761,883.0367,6246.4623,1995.2296,1171.8022
"215","3am",256.8626,437.8078,2588.0261,2206.3508,773.2091
"216","3am",329.8844,606.6881,3714.4237,1491.071,446.7475
"217","3am",363.5316,1423.9933,6286.8157,2540.8135,2044.0327
"218","3am",469.2659,1258.9736,4440.7715,1546.0555,716.9926
"219","3am",598.5988,1217.6938,4418.6011,972.0762,1154.5997
"220","3am",297.8695,1020.624,4521.1508,2573.8932,646.0505
"221","3am",397.0741,642.3857,3419.3132,1605.9395,536.8637
"222","3am",453.3999,1128.7023,5893.9351,2942.607,1744.7652
"223","3am",160.4882,419.5849,3237.3609,1024.8528,626.819
"224","3am",389.8288,2948.2354,6152.1146,4373.9186,1123.3078
"225","3am",469.5349,2721.9455,7623.1016,4844.5752,2393.15
"226","3am",499.2391,2161.3014,4411.0266,1721.9752,715.4392
"227","3am",144.3439,801.296,2059.6112,1929.8969,537.302
"228","3am",429.1732,1633.4776,9206.698,3552.9093,1553.8749
"229","3am",457.3537,836.2893,3125.4581,1660.8308,695.6756
"230","3am",152.9567,804.7019,4038.8777,1883.9459,1107.633
"231","3am",759.2244,964.9635,5881.1663,2310.7386,1287.4544
"232","3am",430.6193,883.003,6203.6309,2820.3485,1716.6517
"233","3am",339.7535,761.4777,4716.1455,2431.5127,1297.766
