"variable","CODE_SEC","RES_SEC","W_IND"
"h7","002","010",114.873
"h7","002","013",120.066
"h7","002","014",37.339
"h7","002","018",54.227
"h7","002","022",47.394
"h7","002","027",33.964
"h7","002","032",52.166
"h7","002","037",50.151
"h7","002","039",175.462
"h7","002","045",49.088
"h7","002","100",45.733
"h7","006","013",90.792
"h7","006","014",43.903
"h7","006","023",81.015
"h7","006","025",97.598
"h7","006","026",53.58
"h7","006","030",40.793
"h7","006","034",19.712
"h7","006","035",85.075
"h7","006","042",32.997
"h7","006","053",118.92
"h7","006","054",26.936
"h7","006","055",89.107
"h7","006","063",55.492
"h7","007","001",24.609
"h7","007","004",32.004
"h7","007","008",61.82
"h7","007","011",86.173
"h7","007","013",452.504
"h7","007","017",44.808
"h7","007","021",43.368
"h7","007","023",229.431
"h7","007","026",163.449
"h7","007","028",43.683
"h7","007","032",125.735
"h7","007","039",117.66
"h7","007","041",45.897
"h7","007","043",72.356
"h7","007","053",118.92
"h7","007","060",93.854
"h7","007","079",39.589
"h7","009","001",24.609
"h7","009","020",38.001
"h7","009","021",40.928
"h7","009","022",67.797
"h7","009","024",40.796
"h7","009","025",130.854
"h7","009","027",147.298
"h7","009","029",66.814
"h7","009","032",62.433
"h7","009","034",19.712
"h7","009","040",39.754
"h7","009","044",48.363
"h7","009","054",69.228
"h7","009","055",89.107
"h7","035","005",34.702
"h7","035","013",57.272
"h7","035","022",33.729
"h7","035","023",229.431
"h7","035","027",82.077
"h7","035","028",47.575
"h7","035","029",240.239
"h7","035","030",104.609
"h7","035","036",80.744
"h7","035","055",236.763
"h8","001","002",37.507
"h8","001","006",112.337
"h8","001","009",43.533
"h8","001","013",150.825
"h8","001","017",116.883
"h8","001","018",58.605
"h8","001","019",64.28
"h8","001","022",47.394
"h8","001","025",160.158
"h8","001","028",51.9
"h8","001","039",66.158
"h8","001","042",39.018
"h8","001","047",49.756
"h8","001","061",89.914
"h8","001","085",50.533
"h8","002","004",104.532
"h8","002","006",52.507
"h8","002","007",54.792
"h8","002","009",49.709
"h8","002","010",114.873
"h8","002","011",118.658
"h8","002","012",114.735
"h8","002","013",120.066
"h8","002","014",37.339
"h8","002","015",70.828
"h8","002","018",108.454
"h8","002","019",245.791
"h8","002","022",47.394
"h8","002","024",66.897
"h8","002","025",126.902
"h8","002","026",94.402
"h8","002","027",107.613
"h8","002","030",23.023
"h8","002","032",52.166
"h8","002","033",86.014
"h8","002","037",50.151
"h8","002","039",222.037
"h8","002","041",53.284
"h8","002","043",77.645
"h8","002","045",49.088
"h8","002","050",65.911
"h8","002","075",161.539
"h8","002","076",43.015
"h8","002","084",26.043
"h8","002","086",21.223
"h8","002","100",45.733
"h8","003","001",40.147
"h8","003","002",36.3
"h8","003","005",117.753
"h8","003","012",58.636
"h8","003","014",43.903
"h8","003","019",64.28
"h8","003","029",40.179
"h8","003","031",42.927
"h8","003","033",68.253
"h8","003","036",80.744
"h8","003","038",82.42
"h8","003","041",39.542
"h8","003","047",81.671
"h8","006","013",90.792
"h8","006","014",43.903
"h8","006","015",56.653
"h8","006","019",62.722
"h8","006","023",81.015
"h8","006","025",97.598
"h8","006","026",53.58
"h8","006","030",40.793
"h8","006","032",62.433
"h8","006","034",19.712
"h8","006","035",85.075
"h8","006","042",10.013
"h8","006","045",49.088
"h8","006","053",118.92
"h8","006","054",26.936
"h8","006","055",89.107
"h8","006","063",55.492
"h8","007","004",99.067
"h8","007","006",76.042
"h8","007","008",187.054
"h8","007","010",40.111
"h8","007","011",86.173
"h8","007","013",452.504
"h8","007","017",44.808
"h8","007","019",62.722
"h8","007","021",96.881
"h8","007","023",229.431
"h8","007","025",48.799
"h8","007","026",217.029
"h8","007","028",43.683
"h8","007","032",125.735
"h8","007","038",41.21
"h8","007","039",117.66
"h8","007","040",39.754
"h8","007","041",45.897
"h8","007","043",72.356
"h8","007","044",48.363
"h8","007","053",118.92
"h8","007","055",96.417
"h8","007","060",93.854
"h8","007","079",39.589
"h8","009","001",24.609
"h8","009","020",38.001
"h8","009","021",40.928
"h8","009","022",115.315
"h8","009","024",40.796
"h8","009","025",130.854
"h8","009","027",220.947
"h8","009","029",66.814
"h8","009","032",62.433
"h8","009","034",63.202
"h8","009","040",39.754
"h8","009","044",48.363
"h8","009","054",69.228
"h8","009","055",89.107
"h8","010","001",24.974
"h8","010","020",38.001
"h8","010","025",48.799
"h8","010","028",95.15
"h8","010","030",46.279
"h8","010","031",188.172
"h8","010","034",36.931
"h8","010","041",53.284
"h8","010","055",189.844
"h8","010","056",97.06
"h8","013","003",74.152
"h8","013","004",32.004
"h8","013","005",54.415
"h8","013","006",105.014
"h8","013","007",54.792
"h8","013","009",49.709
"h8","013","011",36.089
"h8","013","014",43.903
"h8","013","024",69.565
"h8","013","025",82.055
"h8","013","026",221.145
"h8","013","031",65.539
"h8","013","053",72.935
"h8","013","078",173.723
"h8","015","005",34.702
"h8","015","006",59.83
"h8","015","014",43.903
"h8","015","016",59.365
"h8","015","021",36.438
"h8","015","022",47.518
"h8","015","023",81.015
"h8","015","026",94.402
"h8","015","034",36.931
"h8","015","041",112.619
"h8","015","042",45.021
"h8","015","043",72.356
"h8","015","053",384.96
"h8","015","066",60.202
"h8","015","090",76.568
"h8","020","001",21.725
"h8","020","003",207.766
"h8","020","004",181.808
"h8","020","006",52.507
"h8","020","012",66.918
"h8","020","013",60.033
"h8","020","014",43.903
"h8","020","017",42.325
"h8","020","021",36.438
"h8","020","041",39.542
"h8","020","065",60.631
"h8","020","087",66.489
"h8","024","002",49.27
"h8","024","003",79.486
"h8","024","004",67.063
"h8","024","007",59.165
"h8","024","008",61.82
"h8","024","011",36.089
"h8","024","023",81.015
"h8","024","032",59.601
"h8","024","033",108.893
"h8","024","034",31.562
"h8","024","036",80.744
"h8","024","041",53.284
"h8","024","042",25.392
"h8","024","045",59.305
"h8","024","064",16.229
"h8","024","077",48.867
"h8","035","003",134.308
"h8","035","005",34.702
"h8","035","006",52.507
"h8","035","009",49.709
"h8","035","013",57.272
"h8","035","022",33.729
"h8","035","023",229.431
"h8","035","027",82.077
"h8","035","028",47.575
"h8","035","029",240.239
"h8","035","030",104.609
"h8","035","031",62.724
"h8","035","036",80.744
"h8","035","055",236.763
"h8","047","036",80.744
"h8","047","037",58.032
"h8","047","045",59.305
"h8","047","056",97.06
"h8","047","057",590.351
"h8","047","065",60.631
"h8","047","068",34.301
"h8","047","077",48.867
"h8","076","010",40.111
"h8","076","020",57.74
"h8","076","021",79.806
"h8","076","034",31.562
"h8","076","065",52.656
"h8","076","075",437.902
"h8","076","077",87.162
"h8","076","086",43.242
"h8","087","023",85.187
"h8","087","076",92.123
"h8","087","082",35.725
"h8","087","083",275.792
"h8","087","084",25.131
"h8","087","088",74.989
"h8","087","089",37.684
"h8","087","090",76.568
"h8","087","091",121.507
"h8","087","098",101.075
"h8","098","020",46.041
"h8","098","022",23.719
"h8","098","064",17.937
"h8","098","078",99.65
"h8","098","089",21.477
"h8","098","090",76.568
"h8","098","091",121.507
"h8","098","092",121.728
"h8","098","093",31.98
"h8","098","096",93.763
"h8","098","099",69.728
"h8","098","100",45.733
"h8","098","104",622.101
"h9","001","002",37.507
"h9","001","003",74.152
"h9","001","004",37.005
"h9","001","005",54.415
"h9","001","006",112.337
"h9","001","009",43.533
"h9","001","010",38.931
"h9","001","011",36.089
"h9","001","012",95.634
"h9","001","013",150.825
"h9","001","015",51.21
"h9","001","017",159.208
"h9","001","018",58.605
"h9","001","019",64.28
"h9","001","020",59.188
"h9","001","022",47.394
"h9","001","023",85.187
"h9","001","024",66.897
"h9","001","025",160.158
"h9","001","026",53.58
"h9","001","027",124.896
"h9","001","028",51.9
"h9","001","039",66.158
"h9","001","041",45.897
"h9","001","042",39.018
"h9","001","047",49.756
"h9","001","061",89.914
"h9","001","085",50.533
"h9","002","001",80.294
"h9","002","004",104.532
"h9","002","006",105.014
"h9","002","007",54.792
"h9","002","010",114.873
"h9","002","011",183.794
"h9","002","012",114.735
"h9","002","013",120.066
"h9","002","014",95.319
"h9","002","015",178.691
"h9","002","018",54.227
"h9","002","019",245.791
"h9","002","022",47.394
"h9","002","024",66.897
"h9","002","025",126.902
"h9","002","026",94.402
"h9","002","027",107.613
"h9","002","028",50.124
"h9","002","029",80.358
"h9","002","030",23.023
"h9","002","032",141.311
"h9","002","033",274.706
"h9","002","037",50.151
"h9","002","039",288.195
"h9","002","041",204.413
"h9","002","042",25.392
"h9","002","043",77.645
"h9","002","045",49.088
"h9","002","049",42.198
"h9","002","050",65.911
"h9","002","054",26.936
"h9","002","074",24.64
"h9","002","075",161.539
"h9","002","076",43.015
"h9","002","084",26.043
"h9","002","086",21.223
"h9","002","100",45.733
"h9","003","001",40.147
"h9","003","002",36.3
"h9","003","005",117.753
"h9","003","010",38.931
"h9","003","012",58.636
"h9","003","014",43.903
"h9","003","017",52.621
"h9","003","018",46.116
"h9","003","020",115.48
"h9","003","025",48.799
"h9","003","029",40.179
"h9","003","031",42.927
"h9","003","033",68.253
"h9","003","036",80.744
"h9","003","038",82.42
"h9","003","041",92.826
"h9","003","047",81.671
"h9","006","001",12.487
"h9","006","007",69.145
"h9","006","013",90.792
"h9","006","014",84.935
"h9","006","015",56.653
"h9","006","019",62.722
"h9","006","023",81.015
"h9","006","025",97.598
"h9","006","026",53.58
"h9","006","030",40.793
"h9","006","032",122.034
"h9","006","034",19.712
"h9","006","035",85.075
"h9","006","041",91.794
"h9","006","042",30.039
"h9","006","045",49.088
"h9","006","053",118.92
"h9","006","054",26.936
"h9","006","055",89.107
"h9","006","056",110.489
"h9","006","063",55.492
"h9","007","002",37.507
"h9","007","004",99.067
"h9","007","006",76.042
"h9","007","008",187.054
"h9","007","010",80.222
"h9","007","011",132.474
"h9","007","012",47.817
"h9","007","013",512.537
"h9","007","017",87.133
"h9","007","019",62.722
"h9","007","021",96.881
"h9","007","023",229.431
"h9","007","024",52.023
"h9","007","025",48.799
"h9","007","026",217.029
"h9","007","028",43.683
"h9","007","032",125.735
"h9","007","038",41.21
"h9","007","039",117.66
"h9","007","040",39.754
"h9","007","041",45.897
"h9","007","043",72.356
"h9","007","044",48.363
"h9","007","045",68.049
"h9","007","053",118.92
"h9","007","055",96.417
"h9","007","060",93.854
"h9","007","079",39.589
"h9","008","001",40.147
"h9","008","002",86.777
"h9","008","004",84.434
"h9","008","010",38.931
"h9","008","013",57.272
"h9","008","018",54.227
"h9","008","022",23.719
"h9","008","024",52.023
"h9","008","025",48.799
"h9","008","026",94.402
"h9","008","035",47.681
"h9","009","001",24.609
"h9","009","019",86.64
"h9","009","020",151.77
"h9","009","021",94.441
"h9","009","022",115.315
"h9","009","024",40.796
"h9","009","025",130.854
"h9","009","027",147.298
"h9","009","028",43.683
"h9","009","029",66.814
"h9","009","032",62.433
"h9","009","034",63.202
"h9","009","040",39.754
"h9","009","044",48.363
"h9","009","054",69.228
"h9","009","055",89.107
"h9","010","001",24.974
"h9","010","015",70.828
"h9","010","020",38.001
"h9","010","025",48.799
"h9","010","028",95.15
"h9","010","030",84.191
"h9","010","031",188.172
"h9","010","034",36.931
"h9","010","041",53.284
"h9","010","055",189.844
"h9","010","056",97.06
"h9","013","001",24.609
"h9","013","003",119.197
"h9","013","004",32.004
"h9","013","005",54.415
"h9","013","006",105.014
"h9","013","007",54.792
"h9","013","009",93.242
"h9","013","012",47.817
"h9","013","024",69.565
"h9","013","025",82.055
"h9","013","026",221.145
"h9","013","031",65.539
"h9","013","078",173.723
"h9","015","005",34.702
"h9","015","014",43.903
"h9","015","016",59.365
"h9","015","021",36.438
"h9","015","022",47.518
"h9","015","023",81.015
"h9","015","024",52.023
"h9","015","026",94.402
"h9","015","034",36.931
"h9","015","041",112.619
"h9","015","042",45.021
"h9","015","043",72.356
"h9","015","053",384.96
"h9","015","066",60.202
"h9","015","090",76.568
"h9","020","001",21.725
"h9","020","003",207.766
"h9","020","004",114.745
"h9","020","006",52.507
"h9","020","012",66.918
"h9","020","013",60.033
"h9","020","014",43.903
"h9","020","017",42.325
"h9","020","021",36.438
"h9","020","032",62.433
"h9","020","041",39.542
"h9","020","065",60.631
"h9","020","087",66.489
"h9","024","002",49.27
"h9","024","004",67.063
"h9","024","007",59.165
"h9","024","008",61.82
"h9","024","011",36.089
"h9","024","023",81.015
"h9","024","025",48.799
"h9","024","032",59.601
"h9","024","033",108.893
"h9","024","034",31.562
"h9","024","035",47.681
"h9","024","036",80.744
"h9","024","041",53.284
"h9","024","042",25.392
"h9","024","045",59.305
"h9","024","064",16.229
"h9","024","077",48.867
"h9","031","001",34.599
"h9","031","002",46.93
"h9","031","006",59.83
"h9","031","011",72.357
"h9","031","014",57.98
"h9","031","019",62.722
"h9","031","022",81.123
"h9","031","028",58.653
"h9","031","033",40.64
"h9","031","054",34.88
"h9","031","066",226.054
"h9","031","076",92.123
"h9","031","094",124.486
"h9","035","003",134.308
"h9","035","004",32.004
"h9","035","005",34.702
"h9","035","006",52.507
"h9","035","009",49.709
"h9","035","013",57.272
"h9","035","022",101.526
"h9","035","023",229.431
"h9","035","028",47.575
"h9","035","029",389.526
"h9","035","030",104.609
"h9","035","031",62.724
"h9","035","036",80.744
"h9","035","054",34.88
"h9","035","055",236.763
"h9","047","036",80.744
"h9","047","037",58.032
"h9","047","045",59.305
"h9","047","056",97.06
"h9","047","057",590.351
"h9","047","065",60.631
"h9","047","068",34.301
"h9","047","077",48.867
"h9","066","049",91.475
"h9","066","061",260.722
"h9","066","062",83.297
"h9","066","064",16.229
"h9","066","065",163.333
"h9","066","068",110.74
"h9","076","005",54.415
"h9","076","010",40.111
"h9","076","020",57.74
"h9","076","021",79.806
"h9","076","034",31.562
"h9","076","065",52.656
"h9","076","075",599.441
"h9","076","077",133.103
"h9","076","078",173.719
"h9","076","086",43.242
"h9","087","023",85.187
"h9","087","076",92.123
"h9","087","082",35.725
"h9","087","083",275.792
"h9","087","084",25.131
"h9","087","088",74.989
"h9","087","089",37.684
"h9","087","090",76.568
"h9","087","091",121.507
"h9","087","098",101.075
"h9","098","020",46.041
"h9","098","022",23.719
"h9","098","064",17.937
"h9","098","078",99.65
"h9","098","089",21.477
"h9","098","090",76.568
"h9","098","091",121.507
"h9","098","092",121.728
"h9","098","093",31.98
"h9","098","096",93.763
"h9","098","099",69.728
"h9","098","100",45.733
"h9","098","104",299.707
"h9","100","008",54.998
"h9","100","013",90.792
"h9","100","063",83.289
"h9","100","079",56.538
"h9","100","089",21.477
"h9","100","093",138.043
"h9","100","094",97.264
"h9","100","095",276.528
"h9","100","097",200.699
"h9","100","099",67.605
"h10","001","002",37.507
"h10","001","003",74.152
"h10","001","004",37.005
"h10","001","006",52.507
"h10","001","009",43.533
"h10","001","010",38.931
"h10","001","011",36.089
"h10","001","012",47.817
"h10","001","013",150.825
"h10","001","015",102.42
"h10","001","017",159.208
"h10","001","018",58.605
"h10","001","019",64.28
"h10","001","020",59.188
"h10","001","022",47.394
"h10","001","023",85.187
"h10","001","024",66.897
"h10","001","025",160.158
"h10","001","026",53.58
"h10","001","027",124.896
"h10","001","028",51.9
"h10","001","039",66.158
"h10","001","041",45.897
"h10","001","042",39.018
"h10","001","047",49.756
"h10","001","053",118.92
"h10","001","061",89.914
"h10","001","085",50.533
"h10","002","001",80.294
"h10","002","004",104.532
"h10","002","005",63.338
"h10","002","006",164.844
"h10","002","007",54.792
"h10","002","008",215.05
"h10","002","010",114.873
"h10","002","011",198.846
"h10","002","012",210.369
"h10","002","013",120.066
"h10","002","014",95.319
"h10","002","015",178.691
"h10","002","017",52.621
"h10","002","018",54.227
"h10","002","019",183.069
"h10","002","022",47.394
"h10","002","023",32.491
"h10","002","024",104.046
"h10","002","025",141.768
"h10","002","026",94.402
"h10","002","027",107.613
"h10","002","028",117.306
"h10","002","029",120.537
"h10","002","030",23.023
"h10","002","032",203.744
"h10","002","033",348.732
"h10","002","034",31.562
"h10","002","037",50.151
"h10","002","039",288.195
"h10","002","041",263.748
"h10","002","042",140.826
"h10","002","043",77.645
"h10","002","045",49.088
"h10","002","049",42.198
"h10","002","050",65.911
"h10","002","053",68.766
"h10","002","074",24.64
"h10","002","075",239.053
"h10","002","076",43.015
"h10","002","084",26.043
"h10","002","086",42.446
"h10","002","100",45.733
"h10","003","001",40.147
"h10","003","002",36.3
"h10","003","005",117.753
"h10","003","012",58.636
"h10","003","014",43.903
"h10","003","017",52.621
"h10","003","018",104.721
"h10","003","020",57.74
"h10","003","025",48.799
"h10","003","029",40.179
"h10","003","031",42.927
"h10","003","033",68.253
"h10","003","036",80.744
"h10","003","038",82.42
"h10","003","041",92.826
"h10","003","047",81.671
"h10","006","001",37.096
"h10","006","011",50.084
"h10","006","013",292.129
"h10","006","014",43.903
"h10","006","015",56.653
"h10","006","019",62.722
"h10","006","023",113.506
"h10","006","025",97.598
"h10","006","026",53.58
"h10","006","028",50.124
"h10","006","030",40.793
"h10","006","031",42.927
"h10","006","032",122.034
"h10","006","034",19.712
"h10","006","035",85.075
"h10","006","040",60.212
"h10","006","041",91.794
"h10","006","042",30.039
"h10","006","043",77.645
"h10","006","045",49.088
"h10","006","053",118.92
"h10","006","054",26.936
"h10","006","055",89.107
"h10","006","056",110.489
"h10","006","063",55.492
"h10","007","001",25.457
"h10","007","002",37.507
"h10","007","004",99.067
"h10","007","006",76.042
"h10","007","008",187.054
"h10","007","010",80.222
"h10","007","011",86.173
"h10","007","012",47.817
"h10","007","013",512.537
"h10","007","015",56.653
"h10","007","017",44.808
"h10","007","019",62.722
"h10","007","021",96.881
"h10","007","023",261.922
"h10","007","024",52.023
"h10","007","025",48.799
"h10","007","026",217.029
"h10","007","028",43.683
"h10","007","032",188.168
"h10","007","038",41.21
"h10","007","039",117.66
"h10","007","040",39.754
"h10","007","041",105.232
"h10","007","043",72.356
"h10","007","044",48.363
"h10","007","045",68.049
"h10","007","053",118.92
"h10","007","055",96.417
"h10","007","060",93.854
"h10","007","079",39.589
"h10","008","001",40.147
"h10","008","002",37.507
"h10","008","004",42.217
"h10","008","005",74.525
"h10","008","010",38.931
"h10","008","013",57.272
"h10","008","017",75.76
"h10","008","018",54.227
"h10","008","021",53.513
"h10","008","022",23.719
"h10","008","024",52.023
"h10","008","025",92.969
"h10","008","026",94.402
"h10","008","033",74.026
"h10","008","035",47.681
"h10","009","001",24.609
"h10","009","019",86.64
"h10","009","020",151.77
"h10","009","021",40.928
"h10","009","022",115.315
"h10","009","024",40.796
"h10","009","025",130.854
"h10","009","027",147.298
"h10","009","028",43.683
"h10","009","029",66.814
"h10","009","032",62.433
"h10","009","034",63.202
"h10","009","040",39.754
"h10","009","044",48.363
"h10","009","054",69.228
"h10","009","055",89.107
"h10","010","001",24.974
"h10","010","008",107.525
"h10","010","015",70.828
"h10","010","020",38.001
"h10","010","025",48.799
"h10","010","028",95.15
"h10","010","030",84.191
"h10","010","031",188.172
"h10","010","033",74.026
"h10","010","034",36.931
"h10","010","041",53.284
"h10","010","055",189.844
"h10","010","056",97.06
"h10","013","001",24.609
"h10","013","003",45.045
"h10","013","005",54.415
"h10","013","006",52.507
"h10","013","007",54.792
"h10","013","009",93.242
"h10","013","014",41.032
"h10","013","015",51.21
"h10","013","017",42.325
"h10","013","024",69.565
"h10","013","025",82.055
"h10","013","026",221.145
"h10","013","031",65.539
"h10","013","078",173.723
"h10","015","005",34.702
"h10","015","010",38.931
"h10","015","011",46.301
"h10","015","014",43.903
"h10","015","016",59.365
"h10","015","021",36.438
"h10","015","022",47.518
"h10","015","023",81.015
"h10","015","026",94.402
"h10","015","034",36.931
"h10","015","041",112.619
"h10","015","042",45.021
"h10","015","043",72.356
"h10","015","053",384.96
"h10","015","066",60.202
"h10","015","090",76.568
"h10","020","001",21.725
"h10","020","003",207.766
"h10","020","004",114.745
"h10","020","005",63.338
"h10","020","006",52.507
"h10","020","012",66.918
"h10","020","013",60.033
"h10","020","014",43.903
"h10","020","017",42.325
"h10","020","021",36.438
"h10","020","032",62.433
"h10","020","041",39.542
"h10","020","049",91.475
"h10","020","065",60.631
"h10","020","087",66.489
"h10","021","001",74.746
"h10","021","010",44.202
"h10","021","011",15.052
"h10","021","017",52.621
"h10","021","022",23.719
"h10","021","025",48.799
"h10","021","027",82.077
"h10","021","031",65.539
"h10","021","034",19.712
"h10","021","042",39.018
"h10","021","060",25.137
"h10","021","068",55.37
"h10","021","076",92.123
"h10","024","002",49.27
"h10","024","003",74.152
"h10","024","004",67.063
"h10","024","007",59.165
"h10","024","008",61.82
"h10","024","011",36.089
"h10","024","023",81.015
"h10","024","032",59.601
"h10","024","033",108.893
"h10","024","034",31.562
"h10","024","035",47.681
"h10","024","036",169.126
"h10","024","041",53.284
"h10","024","042",25.392
"h10","024","045",59.305
"h10","024","064",16.229
"h10","024","077",48.867
"h10","031","001",34.599
"h10","031","002",46.93
"h10","031","006",112.337
"h10","031","011",72.357
"h10","031","014",57.98
"h10","031","019",62.722
"h10","031","022",81.123
"h10","031","033",40.64
"h10","031","054",34.88
"h10","031","066",226.054
"h10","031","076",92.123
"h10","031","094",124.486
"h10","035","003",134.308
"h10","035","005",34.702
"h10","035","006",105.014
"h10","035","009",49.709
"h10","035","013",57.272
"h10","035","022",101.526
"h10","035","023",229.431
"h10","035","028",95.15
"h10","035","029",349.347
"h10","035","030",104.609
"h10","035","031",62.724
"h10","035","036",80.744
"h10","035","054",34.88
"h10","035","055",147.656
"h10","047","036",80.744
"h10","047","037",116.263
"h10","047","045",59.305
"h10","047","056",97.06
"h10","047","057",728.374
"h10","047","065",60.631
"h10","047","068",34.301
"h10","047","077",48.867
"h10","066","049",91.475
"h10","066","061",260.722
"h10","066","062",83.297
"h10","066","064",16.229
"h10","066","065",163.333
"h10","066","068",110.74
"h10","076","005",54.415
"h10","076","010",40.111
"h10","076","020",57.74
"h10","076","021",79.806
"h10","076","034",31.562
"h10","076","065",52.656
"h10","076","075",599.441
"h10","076","077",183.576
"h10","076","078",173.719
"h10","076","079",56.538
"h10","076","086",43.242
"h10","087","023",85.187
"h10","087","076",92.123
"h10","087","082",35.725
"h10","087","083",275.792
"h10","087","084",25.131
"h10","087","088",74.989
"h10","087","089",37.684
"h10","087","090",76.568
"h10","087","091",121.507
"h10","087","098",101.075
"h10","098","020",46.041
"h10","098","022",23.719
"h10","098","064",17.937
"h10","098","078",99.65
"h10","098","089",21.477
"h10","098","090",76.568
"h10","098","091",121.507
"h10","098","092",121.728
"h10","098","093",31.98
"h10","098","096",93.763
"h10","098","099",69.728
"h10","098","100",45.733
"h10","098","104",299.707
"h10","100","008",54.998
"h10","100","013",90.792
"h10","100","063",83.289
"h10","100","065",60.631
"h10","100","079",56.538
"h10","100","089",31.058
"h10","100","093",138.043
"h10","100","094",97.264
"h10","100","095",184.183
"h10","100","096",230.092
"h10","100","097",200.699
"h11","001","002",37.507
"h11","001","004",37.005
"h11","001","006",52.507
"h11","001","009",43.533
"h11","001","011",36.089
"h11","001","012",47.817
"h11","001","013",150.825
"h11","001","015",51.21
"h11","001","017",32.233
"h11","001","018",58.605
"h11","001","019",64.28
"h11","001","020",59.188
"h11","001","022",47.394
"h11","001","023",85.187
"h11","001","024",66.897
"h11","001","025",160.158
"h11","001","026",53.58
"h11","001","027",124.896
"h11","001","028",102.024
"h11","001","039",66.158
"h11","001","040",39.754
"h11","001","041",45.897
"h11","001","042",39.018
"h11","001","047",49.756
"h11","001","053",118.92
"h11","001","054",26.936
"h11","001","057",142.288
"h11","001","061",89.914
"h11","001","085",50.533
"h11","002","001",40.147
"h11","002","004",104.532
"h11","002","005",63.338
"h11","002","006",105.014
"h11","002","007",54.792
"h11","002","008",107.525
"h11","002","009",49.709
"h11","002","010",137.712
"h11","002","011",183.794
"h11","002","012",114.735
"h11","002","013",120.066
"h11","002","014",95.319
"h11","002","015",178.691
"h11","002","016",59.365
"h11","002","017",52.621
"h11","002","018",54.227
"h11","002","019",183.069
"h11","002","021",53.513
"h11","002","022",47.394
"h11","002","023",32.491
"h11","002","024",52.023
"h11","002","025",190.567
"h11","002","026",188.804
"h11","002","027",107.613
"h11","002","029",80.358
"h11","002","030",23.023
"h11","002","032",52.166
"h11","002","033",348.732
"h11","002","034",75.052
"h11","002","037",50.151
"h11","002","039",288.195
"h11","002","041",145.078
"h11","002","042",154.194
"h11","002","043",143.186
"h11","002","050",65.911
"h11","002","053",68.766
"h11","002","074",24.64
"h11","002","075",239.053
"h11","002","076",43.015
"h11","002","084",26.043
"h11","002","086",42.446
"h11","002","100",45.733
"h11","003","001",40.147
"h11","003","002",85.57
"h11","003","005",117.753
"h11","003","012",58.636
"h11","003","014",43.903
"h11","003","017",52.621
"h11","003","018",58.605
"h11","003","020",57.74
"h11","003","025",48.799
"h11","003","027",58.523
"h11","003","031",42.927
"h11","003","033",68.253
"h11","003","036",80.744
"h11","003","038",123.63
"h11","003","041",92.826
"h11","003","078",99.65
"h11","006","001",12.487
"h11","006","004",109.28
"h11","006","008",62.617
"h11","006","012",47.817
"h11","006","014",43.903
"h11","006","015",56.653
"h11","006","019",62.722
"h11","006","023",81.015
"h11","006","025",97.598
"h11","006","026",53.58
"h11","006","028",50.124
"h11","006","030",40.793
"h11","006","031",42.927
"h11","006","032",122.034
"h11","006","034",19.712
"h11","006","035",85.075
"h11","006","041",91.794
"h11","006","042",10.013
"h11","006","043",77.645
"h11","006","045",49.088
"h11","006","053",118.92
"h11","006","054",26.936
"h11","006","055",89.107
"h11","006","056",110.489
"h11","006","063",55.492
"h11","007","002",37.507
"h11","007","004",99.067
"h11","007","006",159.005
"h11","007","008",187.054
"h11","007","010",80.222
"h11","007","011",86.173
"h11","007","013",512.537
"h11","007","017",44.808
"h11","007","019",62.722
"h11","007","021",96.881
"h11","007","023",314.618
"h11","007","024",52.023
"h11","007","025",48.799
"h11","007","026",217.029
"h11","007","028",43.683
"h11","007","032",125.735
"h11","007","038",41.21
"h11","007","039",117.66
"h11","007","040",39.754
"h11","007","041",105.232
"h11","007","043",72.356
"h11","007","044",48.363
"h11","007","045",68.049
"h11","007","053",118.92
"h11","007","055",96.417
"h11","007","060",93.854
"h11","007","079",39.589
"h11","008","001",40.147
"h11","008","002",110.107
"h11","008","005",137.863
"h11","008","010",38.931
"h11","008","013",57.272
"h11","008","018",54.227
"h11","008","021",53.513
"h11","008","022",23.719
"h11","008","026",94.402
"h11","008","033",134.516
"h11","008","035",47.681
"h11","008","044",37.371
"h11","008","053",145.87
"h11","009","001",24.609
"h11","009","003",207.766
"h11","009","018",46.116
"h11","009","019",86.64
"h11","009","020",151.77
"h11","009","021",40.928
"h11","009","022",115.315
"h11","009","024",40.796
"h11","009","025",130.854
"h11","009","027",147.298
"h11","009","028",43.683
"h11","009","029",66.814
"h11","009","032",62.433
"h11","009","034",63.202
"h11","009","040",39.754
"h11","009","044",48.363
"h11","009","054",69.228
"h11","009","055",89.107
"h11","009","079",56.538
"h11","010","001",24.974
"h11","010","020",38.001
"h11","010","025",97.598
"h11","010","028",145.274
"h11","010","030",84.191
"h11","010","031",188.172
"h11","010","033",74.026
"h11","010","034",36.931
"h11","010","041",53.284
"h11","010","055",189.844
"h11","010","056",97.06
"h11","013","001",24.609
"h11","013","005",54.415
"h11","013","006",52.507
"h11","013","007",54.792
"h11","013","009",49.709
"h11","013","014",43.903
"h11","013","024",69.565
"h11","013","025",82.055
"h11","013","026",221.145
"h11","013","031",65.539
"h11","013","078",173.723
"h11","015","005",34.702
"h11","015","010",38.931
"h11","015","011",46.301
"h11","015","014",43.903
"h11","015","016",59.365
"h11","015","021",36.438
"h11","015","022",47.518
"h11","015","023",81.015
"h11","015","026",94.402
"h11","015","034",36.931
"h11","015","041",112.619
"h11","015","042",45.021
"h11","015","043",72.356
"h11","015","053",384.96
"h11","015","066",60.202
"h11","015","090",76.568
"h11","020","001",21.725
"h11","020","003",207.766
"h11","020","004",114.745
"h11","020","005",63.338
"h11","020","006",52.507
"h11","020","012",66.918
"h11","020","013",60.033
"h11","020","014",43.903
"h11","020","017",42.325
"h11","020","021",36.438
"h11","020","032",62.433
"h11","020","041",39.542
"h11","020","049",91.475
"h11","020","065",60.631
"h11","020","087",66.489
"h11","021","001",74.746
"h11","021","010",44.202
"h11","021","011",15.052
"h11","021","017",52.621
"h11","021","022",23.719
"h11","021","025",48.799
"h11","021","027",82.077
"h11","021","031",131.078
"h11","021","034",19.712
"h11","021","036",82.009
"h11","021","042",39.018
"h11","021","060",25.137
"h11","021","068",55.37
"h11","021","076",92.123
"h11","024","003",74.152
"h11","024","004",67.063
"h11","024","007",59.165
"h11","024","008",61.82
"h11","024","011",36.089
"h11","024","023",81.015
"h11","024","032",59.601
"h11","024","033",108.893
"h11","024","034",31.562
"h11","024","035",47.681
"h11","024","036",169.126
"h11","024","041",53.284
"h11","024","042",25.392
"h11","024","045",59.305
"h11","024","064",16.229
"h11","024","077",48.867
"h11","031","001",34.599
"h11","031","002",46.93
"h11","031","006",112.337
"h11","031","011",72.357
"h11","031","012",61.563
"h11","031","014",57.98
"h11","031","019",62.722
"h11","031","022",81.123
"h11","031","033",40.64
"h11","031","054",34.88
"h11","031","066",226.054
"h11","031","076",92.123
"h11","031","094",124.486
"h11","035","003",134.308
"h11","035","005",34.702
"h11","035","006",105.014
"h11","035","009",49.709
"h11","035","010",44.202
"h11","035","013",57.272
"h11","035","015",55.744
"h11","035","022",149.044
"h11","035","023",229.431
"h11","035","028",47.575
"h11","035","029",349.347
"h11","035","030",104.609
"h11","035","031",62.724
"h11","035","036",80.744
"h11","035","054",71.519
"h11","035","055",147.656
"h11","047","036",80.744
"h11","047","037",58.032
"h11","047","045",59.305
"h11","047","056",97.06
"h11","047","057",728.374
"h11","047","065",60.631
"h11","047","068",34.301
"h11","047","077",48.867
"h11","066","049",225.513
"h11","066","061",175.318
"h11","066","062",83.297
"h11","066","064",16.229
"h11","066","065",163.333
"h11","066","068",55.37
"h11","076","005",54.415
"h11","076","010",40.111
"h11","076","020",57.74
"h11","076","021",79.806
"h11","076","034",31.562
"h11","076","065",52.656
"h11","076","075",599.441
"h11","076","077",183.576
"h11","076","078",173.719
"h11","076","079",56.538
"h11","076","086",43.242
"h11","087","023",85.187
"h11","087","076",92.123
"h11","087","082",35.725
"h11","087","083",275.792
"h11","087","084",25.131
"h11","087","088",74.989
"h11","087","089",37.684
"h11","087","090",76.568
"h11","087","091",121.507
"h11","087","098",101.075
"h11","098","020",46.041
"h11","098","022",23.719
"h11","098","064",17.937
"h11","098","078",99.65
"h11","098","089",21.477
"h11","098","090",76.568
"h11","098","091",121.507
"h11","098","092",121.728
"h11","098","093",31.98
"h11","098","096",93.763
"h11","098","099",69.728
"h11","098","100",45.733
"h11","098","104",299.707
"h12","001","002",37.507
"h12","001","006",82.963
"h12","001","008",62.617
"h12","001","011",36.089
"h12","001","013",90.792
"h12","001","015",51.21
"h12","001","017",32.233
"h12","001","018",58.605
"h12","001","019",64.28
"h12","001","022",47.394
"h12","001","023",85.187
"h12","001","024",66.897
"h12","001","025",82.055
"h12","001","027",73.649
"h12","001","028",102.024
"h12","001","032",62.433
"h12","001","038",44.613
"h12","001","040",39.754
"h12","001","053",118.92
"h12","001","054",26.936
"h12","001","057",142.288
"h12","001","085",50.533
"h12","002","001",40.147
"h12","002","003",45.045
"h12","002","004",104.532
"h12","002","009",49.709
"h12","002","010",153.804
"h12","002","011",133.71
"h12","002","012",47.817
"h12","002","013",117.305
"h12","002","014",139.222
"h12","002","015",51.21
"h12","002","016",151.797
"h12","002","017",52.621
"h12","002","018",108.454
"h12","002","019",149.362
"h12","002","021",53.513
"h12","002","022",47.394
"h12","002","023",32.491
"h12","002","025",48.799
"h12","002","026",188.804
"h12","002","027",116.041
"h12","002","029",80.358
"h12","002","030",23.023
"h12","002","033",170.435
"h12","002","034",43.49
"h12","002","035",60.559
"h12","002","037",50.151
"h12","002","039",222.037
"h12","002","041",45.897
"h12","002","042",64.41
"h12","002","043",65.541
"h12","002","048",70.34
"h12","002","050",65.911
"h12","002","075",77.514
"h12","002","076",43.015
"h12","002","084",26.043
"h12","002","086",42.446
"h12","002","100",45.733
"h12","003","005",54.415
"h12","003","009",43.533
"h12","003","012",58.636
"h12","003","014",43.903
"h12","003","017",52.621
"h12","003","018",58.605
"h12","003","020",57.74
"h12","003","022",47.394
"h12","003","025",48.799
"h12","003","027",58.523
"h12","003","031",42.927
"h12","003","033",108.893
"h12","003","038",164.84
"h12","003","041",92.826
"h12","003","078",199.3
"h12","006","001",12.487
"h12","006","003",158.972
"h12","006","004",42.217
"h12","006","014",43.903
"h12","006","016",59.365
"h12","006","019",62.722
"h12","006","021",53.513
"h12","006","023",81.015
"h12","006","025",97.598
"h12","006","026",53.58
"h12","006","028",50.124
"h12","006","030",40.793
"h12","006","032",62.433
"h12","006","034",51.274
"h12","006","041",91.794
"h12","006","042",10.013
"h12","006","043",77.645
"h12","006","045",49.088
"h12","006","053",205.628
"h12","006","054",26.936
"h12","006","055",89.107
"h12","006","056",110.489
"h12","006","063",55.492
"h12","007","002",37.507
"h12","007","004",67.063
"h12","007","006",82.963
"h12","007","011",86.173
"h12","007","013",512.537
"h12","007","017",44.808
"h12","007","019",62.722
"h12","007","021",96.881
"h12","007","023",233.603
"h12","007","025",48.799
"h12","007","026",163.449
"h12","007","032",125.735
"h12","007","038",41.21
"h12","007","039",117.66
"h12","007","041",105.232
"h12","007","043",72.356
"h12","007","044",48.363
"h12","007","045",68.049
"h12","007","053",86.708
"h12","007","079",39.589
"h12","009","001",24.609
"h12","009","019",86.64
"h12","009","020",38.001
"h12","009","021",40.928
"h12","009","022",115.315
"h12","009","024",40.796
"h12","009","025",130.854
"h12","009","027",147.298
"h12","009","028",43.683
"h12","009","029",66.814
"h12","009","032",62.433
"h12","009","034",63.202
"h12","009","040",39.754
"h12","009","044",48.363
"h12","009","054",69.228
"h12","009","055",89.107
"h12","009","079",56.538
"h12","010","001",12.487
"h12","010","015",55.744
"h12","010","025",97.598
"h12","010","028",145.274
"h12","010","030",46.279
"h12","010","031",125.448
"h12","010","033",74.026
"h12","010","034",36.931
"h12","010","041",53.284
"h12","010","055",189.844
"h12","010","056",97.06
"h12","015","005",89.117
"h12","015","010",38.931
"h12","015","011",46.301
"h12","015","014",43.903
"h12","015","016",59.365
"h12","015","020",59.188
"h12","015","021",36.438
"h12","015","022",47.518
"h12","015","026",94.402
"h12","015","034",36.931
"h12","015","041",112.619
"h12","015","042",45.021
"h12","015","043",72.356
"h12","015","053",384.96
"h12","015","066",60.202
"h12","015","090",76.568
"h12","021","001",74.746
"h12","021","010",44.202
"h12","021","011",15.052
"h12","021","017",62.354
"h12","021","022",23.719
"h12","021","025",48.799
"h12","021","027",82.077
"h12","021","031",65.539
"h12","021","034",19.712
"h12","021","036",82.009
"h12","021","042",39.018
"h12","021","060",25.137
"h12","021","076",92.123
"h12","024","002",49.27
"h12","024","003",74.152
"h12","024","004",67.063
"h12","024","007",59.165
"h12","024","008",61.82
"h12","024","023",81.015
"h12","024","033",40.64
"h12","024","034",31.562
"h12","024","035",47.681
"h12","024","036",169.126
"h12","024","041",53.284
"h12","024","042",25.392
"h12","024","045",59.305
"h12","024","064",16.229
"h12","024","077",48.867
"h12","031","001",34.599
"h12","031","002",46.93
"h12","031","006",112.337
"h12","031","011",72.357
"h12","031","012",61.563
"h12","031","014",57.98
"h12","031","022",33.729
"h12","031","023",67.401
"h12","031","027",51.247
"h12","031","033",40.64
"h12","031","054",34.88
"h12","031","066",113.027
"h12","031","076",92.123
"h12","031","094",124.486
"h12","035","003",134.308
"h12","035","005",34.702
"h12","035","006",52.507
"h12","035","010",44.202
"h12","035","013",57.272
"h12","035","015",55.744
"h12","035","022",101.526
"h12","035","023",229.431
"h12","035","028",47.575
"h12","035","029",349.347
"h12","035","030",104.609
"h12","035","036",80.744
"h12","035","054",71.519
"h12","035","055",89.107
"h12","047","036",80.744
"h12","047","037",58.032
"h12","047","045",59.305
"h12","047","057",657.848
"h12","047","065",60.631
"h12","047","068",34.301
"h12","047","077",48.867
"h12","076","005",54.415
"h12","076","020",57.74
"h12","076","021",79.806
"h12","076","034",31.562
"h12","076","065",52.656
"h12","076","075",599.441
"h12","076","077",183.576
"h12","076","078",173.719
"h12","076","086",43.242
"h12","098","020",46.041
"h12","098","022",23.719
"h12","098","064",17.937
"h12","098","078",99.65
"h12","098","089",21.477
"h12","098","090",76.568
"h12","098","091",121.507
"h12","098","092",121.728
"h12","098","093",31.98
"h12","098","096",93.763
"h12","098","100",45.733
"h12","098","104",299.707
"h13","001","002",37.507
"h13","001","003",207.766
"h13","001","006",82.963
"h13","001","011",36.089
"h13","001","015",51.21
"h13","001","017",32.233
"h13","001","018",58.605
"h13","001","019",64.28
"h13","001","023",85.187
"h13","001","024",66.897
"h13","001","025",82.055
"h13","001","027",73.649
"h13","001","028",51.9
"h13","001","032",89.145
"h13","001","040",39.754
"h13","001","053",118.92
"h13","001","057",142.288
"h13","001","085",50.533
"h13","002","004",104.532
"h13","002","006",82.963
"h13","002","008",117.615
"h13","002","009",49.709
"h13","002","010",193.915
"h13","002","011",96.385
"h13","002","012",47.817
"h13","002","013",292.129
"h13","002","014",183.125
"h13","002","015",107.863
"h13","002","016",92.432
"h13","002","017",52.621
"h13","002","018",108.454
"h13","002","019",183.069
"h13","002","022",47.394
"h13","002","023",32.491
"h13","002","024",52.023
"h13","002","025",243.995
"h13","002","026",188.804
"h13","002","027",116.041
"h13","002","028",47.575
"h13","002","030",69.302
"h13","002","031",58.996
"h13","002","032",52.166
"h13","002","033",55.769
"h13","002","034",43.49
"h13","002","035",60.559
"h13","002","039",163.207
"h13","002","041",45.897
"h13","002","042",25.392
"h13","002","048",70.34
"h13","002","050",65.911
"h13","002","056",106.848
"h13","002","075",77.514
"h13","002","076",43.015
"h13","002","078",173.723
"h13","002","086",42.446
"h13","002","095",92.345
"h13","002","100",45.733
"h13","003","009",43.533
"h13","003","012",58.636
"h13","003","014",43.903
"h13","003","017",52.621
"h13","003","020",57.74
"h13","003","025",48.799
"h13","003","027",58.523
"h13","003","031",42.927
"h13","003","033",108.893
"h13","003","038",164.84
"h13","003","041",92.826
"h13","003","048",75.088
"h13","003","050",79.313
"h13","003","078",199.3
"h13","006","001",12.487
"h13","006","003",233.124
"h13","006","004",84.434
"h13","006","014",43.903
"h13","006","015",56.653
"h13","006","016",59.365
"h13","006","019",62.722
"h13","006","021",89.951
"h13","006","023",81.015
"h13","006","025",97.598
"h13","006","026",53.58
"h13","006","028",50.124
"h13","006","032",62.433
"h13","006","034",51.274
"h13","006","041",91.794
"h13","006","042",10.013
"h13","006","043",77.645
"h13","006","045",49.088
"h13","006","053",118.92
"h13","006","054",26.936
"h13","006","055",89.107
"h13","006","056",110.489
"h13","006","063",55.492
"h13","007","002",37.507
"h13","007","004",99.067
"h13","007","006",82.963
"h13","007","010",40.111
"h13","007","011",86.173
"h13","007","013",512.537
"h13","007","018",58.605
"h13","007","019",62.722
"h13","007","021",96.881
"h13","007","023",233.603
"h13","007","025",48.799
"h13","007","026",163.449
"h13","007","032",125.735
"h13","007","038",41.21
"h13","007","039",117.66
"h13","007","041",105.232
"h13","007","043",72.356
"h13","007","044",48.363
"h13","007","045",68.049
"h13","007","053",86.708
"h13","007","079",39.589
"h13","009","001",24.609
"h13","009","019",86.64
"h13","009","020",38.001
"h13","009","021",40.928
"h13","009","022",115.315
"h13","009","024",40.796
"h13","009","025",130.854
"h13","009","026",70.743
"h13","009","027",73.649
"h13","009","028",43.683
"h13","009","029",66.814
"h13","009","031",49.793
"h13","009","032",62.433
"h13","009","034",63.202
"h13","009","044",48.363
"h13","009","054",69.228
"h13","009","055",89.107
"h13","009","063",80.189
"h13","009","079",56.538
"h13","010","001",12.487
"h13","010","015",55.744
"h13","010","021",36.438
"h13","010","025",97.598
"h13","010","028",145.274
"h13","010","030",87.072
"h13","010","031",125.448
"h13","010","033",74.026
"h13","010","034",36.931
"h13","010","041",53.284
"h13","010","055",189.844
"h13","010","056",97.06
"h13","015","005",89.117
"h13","015","007",54.792
"h13","015","010",38.931
"h13","015","011",46.301
"h13","015","014",43.903
"h13","015","016",59.365
"h13","015","020",59.188
"h13","015","021",36.438
"h13","015","022",47.518
"h13","015","023",81.015
"h13","015","026",94.402
"h13","015","033",68.253
"h13","015","034",36.931
"h13","015","041",112.619
"h13","015","042",45.021
"h13","015","043",72.356
"h13","015","053",384.96
"h13","015","066",60.202
"h13","015","090",76.568
"h13","020","001",21.725
"h13","020","003",207.766
"h13","020","004",72.528
"h13","020","012",66.918
"h13","020","013",60.033
"h13","020","014",43.903
"h13","020","017",42.325
"h13","020","041",39.542
"h13","020","042",10.013
"h13","020","044",29.403
"h13","020","049",91.475
"h13","020","065",60.631
"h13","021","001",74.746
"h13","021","005",74.525
"h13","021","006",52.507
"h13","021","010",44.202
"h13","021","011",15.052
"h13","021","017",62.354
"h13","021","022",23.719
"h13","021","025",48.799
"h13","021","027",82.077
"h13","021","031",65.539
"h13","021","034",19.712
"h13","021","036",82.009
"h13","021","042",39.018
"h13","021","060",25.137
"h13","021","076",92.123
"h13","024","002",49.27
"h13","024","003",74.152
"h13","024","004",67.063
"h13","024","007",59.165
"h13","024","033",40.64
"h13","024","034",31.562
"h13","024","035",47.681
"h13","024","036",169.126
"h13","024","041",53.284
"h13","024","042",25.392
"h13","024","045",59.305
"h13","024","061",89.914
"h13","024","064",16.229
"h13","024","077",48.867
"h13","031","001",34.599
"h13","031","006",52.507
"h13","031","011",72.357
"h13","031","012",61.563
"h13","031","014",57.98
"h13","031","022",33.729
"h13","031","023",67.401
"h13","031","027",51.247
"h13","031","033",40.64
"h13","031","054",34.88
"h13","031","066",113.027
"h13","031","076",92.123
"h13","031","094",124.486
"h13","035","003",134.308
"h13","035","004",42.217
"h13","035","005",34.702
"h13","035","006",52.507
"h13","035","010",44.202
"h13","035","013",57.272
"h13","035","023",229.431
"h13","035","029",349.347
"h13","035","030",104.609
"h13","035","036",80.744
"h13","035","054",36.639
"h13","035","055",89.107
"h13","047","036",80.744
"h13","047","037",58.032
"h13","047","045",59.305
"h13","047","057",657.848
"h13","047","065",60.631
"h13","047","068",34.301
"h13","047","077",48.867
"h13","068","002",36.3
"h13","068","037",50.151
"h13","068","042",10.013
"h13","068","048",87.673
"h13","068","061",162.371
"h13","068","062",29.466
"h13","068","064",17.937
"h13","068","065",121.262
"h13","068","079",56.538
"h13","068","094",99.794
"h13","076","005",54.415
"h13","076","020",57.74
"h13","076","021",79.806
"h13","076","034",31.562
"h13","076","065",52.656
"h13","076","075",599.441
"h13","076","077",94.808
"h13","076","078",173.719
"h13","098","020",46.041
"h13","098","022",23.719
"h13","098","064",17.937
"h13","098","078",99.65
"h13","098","089",21.477
"h13","098","090",76.568
"h13","098","091",121.507
"h13","098","092",121.728
"h13","098","093",31.98
"h13","098","096",93.763
"h13","098","100",45.733
"h13","098","104",299.707
"h13","100","008",54.998
"h13","100","013",90.792
"h13","100","016",59.365
"h13","100","031",42.927
"h13","100","063",83.289
"h13","100","068",55.37
"h13","100","089",9.581
"h13","100","092",121.728
"h13","100","094",197.058
"h13","100","096",93.763
"h13","100","097",89.198
"h14","001","002",37.507
"h14","001","003",207.766
"h14","001","011",36.089
"h14","001","015",51.21
"h14","001","017",32.233
"h14","001","018",58.605
"h14","001","019",64.28
"h14","001","023",85.187
"h14","001","024",66.897
"h14","001","025",82.055
"h14","001","027",73.649
"h14","001","028",51.9
"h14","001","030",37.912
"h14","001","032",52.166
"h14","001","034",19.712
"h14","001","040",39.754
"h14","001","053",118.92
"h14","001","057",142.288
"h14","001","085",50.533
"h14","002","001",24.609
"h14","002","003",79.486
"h14","002","004",104.532
"h14","002","006",142.793
"h14","002","007",69.145
"h14","002","008",117.615
"h14","002","010",232.846
"h14","002","011",111.437
"h14","002","012",95.634
"h14","002","013",301.65
"h14","002","014",241.105
"h14","002","015",276.004
"h14","002","017",225.81
"h14","002","018",54.227
"h14","002","019",390.056
"h14","002","020",57.74
"h14","002","021",107.026
"h14","002","022",142.43
"h14","002","024",52.023
"h14","002","025",141.768
"h14","002","026",188.804
"h14","002","027",116.041
"h14","002","028",47.575
"h14","002","030",60.935
"h14","002","031",144.85
"h14","002","032",124.866
"h14","002","033",178.297
"h14","002","034",94.764
"h14","002","039",295.523
"h14","002","041",137.691
"h14","002","048",70.34
"h14","002","049",136.867
"h14","002","050",65.911
"h14","002","056",106.848
"h14","002","076",43.015
"h14","002","086",21.223
"h14","002","095",92.345
"h14","002","100",45.733
"h14","003","009",43.533
"h14","003","012",58.636
"h14","003","014",43.903
"h14","003","017",62.354
"h14","003","020",57.74
"h14","003","025",48.799
"h14","003","027",109.77
"h14","003","033",108.893
"h14","003","038",164.84
"h14","003","041",92.826
"h14","003","042",25.392
"h14","003","047",81.671
"h14","003","048",75.088
"h14","003","050",79.313
"h14","003","078",99.65
"h14","006","001",71.695
"h14","006","002",121.87
"h14","006","003",74.152
"h14","006","004",116.438
"h14","006","011",100.168
"h14","006","013",57.272
"h14","006","014",176.561
"h14","006","015",51.21
"h14","006","016",59.365
"h14","006","017",120.568
"h14","006","019",62.722
"h14","006","021",89.951
"h14","006","023",81.015
"h14","006","025",97.598
"h14","006","026",53.58
"h14","006","028",50.124
"h14","006","032",62.433
"h14","006","034",51.274
"h14","006","041",91.794
"h14","006","042",10.013
"h14","006","045",49.088
"h14","006","050",79.313
"h14","006","053",118.92
"h14","006","054",26.936
"h14","006","055",89.107
"h14","006","056",110.489
"h14","006","063",55.492
"h14","006","075",77.514
"h14","007","002",37.507
"h14","007","004",99.067
"h14","007","008",107.525
"h14","007","010",40.111
"h14","007","011",86.173
"h14","007","012",47.817
"h14","007","013",512.537
"h14","007","019",96.429
"h14","007","021",96.881
"h14","007","022",67.797
"h14","007","023",233.603
"h14","007","024",66.897
"h14","007","025",48.799
"h14","007","026",163.449
"h14","007","030",37.912
"h14","007","031",65.539
"h14","007","032",185.336
"h14","007","034",31.562
"h14","007","038",41.21
"h14","007","039",124.988
"h14","007","041",45.897
"h14","007","043",72.356
"h14","007","044",48.363
"h14","007","045",68.049
"h14","007","079",39.589
"h14","009","001",24.609
"h14","009","019",120.347
"h14","009","020",38.001
"h14","009","021",40.928
"h14","009","022",115.315
"h14","009","024",40.796
"h14","009","025",130.854
"h14","009","026",124.323
"h14","009","027",73.649
"h14","009","028",43.683
"h14","009","029",66.814
"h14","009","031",49.793
"h14","009","032",62.433
"h14","009","034",19.712
"h14","009","044",48.363
"h14","009","054",69.228
"h14","009","055",89.107
"h14","009","063",80.189
"h14","009","079",56.538
"h14","010","001",12.487
"h14","010","009",43.533
"h14","010","015",55.744
"h14","010","021",36.438
"h14","010","025",97.598
"h14","010","026",70.743
"h14","010","028",145.274
"h14","010","030",87.072
"h14","010","031",190.987
"h14","010","033",114.666
"h14","010","034",36.931
"h14","010","041",53.284
"h14","010","055",189.844
"h14","010","056",97.06
"h14","015","005",89.117
"h14","015","007",54.792
"h14","015","011",46.301
"h14","015","014",81.242
"h14","015","016",59.365
"h14","015","020",59.188
"h14","015","021",36.438
"h14","015","022",47.518
"h14","015","023",81.015
"h14","015","026",94.402
"h14","015","033",68.253
"h14","015","041",112.619
"h14","015","042",45.021
"h14","015","053",384.96
"h14","015","090",76.568
"h14","021","001",74.746
"h14","021","006",52.507
"h14","021","010",44.202
"h14","021","011",15.052
"h14","021","017",62.354
"h14","021","022",23.719
"h14","021","025",48.799
"h14","021","027",82.077
"h14","021","034",19.712
"h14","021","036",82.009
"h14","021","042",39.018
"h14","021","060",25.137
"h14","021","076",92.123
"h14","024","002",49.27
"h14","024","004",67.063
"h14","024","006",142.793
"h14","024","007",59.165
"h14","024","018",46.728
"h14","024","033",114.666
"h14","024","034",31.562
"h14","024","035",47.681
"h14","024","036",80.744
"h14","024","041",53.284
"h14","024","042",25.392
"h14","024","045",59.305
"h14","024","061",89.914
"h14","024","064",16.229
"h14","024","077",48.867
"h14","031","001",34.599
"h14","031","006",52.507
"h14","031","011",72.357
"h14","031","012",61.563
"h14","031","014",57.98
"h14","031","022",33.729
"h14","031","027",51.247
"h14","031","033",40.64
"h14","031","054",34.88
"h14","031","066",113.027
"h14","031","076",92.123
"h14","031","094",124.486
"h14","035","003",134.308
"h14","035","004",42.217
"h14","035","005",34.702
"h14","035","006",52.507
"h14","035","010",84.313
"h14","035","013",57.272
"h14","035","023",162.03
"h14","035","029",349.347
"h14","035","030",104.609
"h14","035","036",80.744
"h14","035","054",36.639
"h14","047","036",80.744
"h14","047","037",58.032
"h14","047","045",59.305
"h14","047","048",75.088
"h14","047","057",657.848
"h14","047","065",60.631
"h14","047","068",34.301
"h14","047","077",48.867
"h14","068","002",36.3
"h14","068","042",10.013
"h14","068","048",87.673
"h14","068","061",268.442
"h14","068","062",29.466
"h14","068","064",30.553
"h14","068","067",8.525
"h14","068","079",56.538
"h14","068","094",99.794
"h14","076","005",54.415
"h14","076","020",57.74
"h14","076","021",79.806
"h14","076","034",31.562
"h14","076","062",29.466
"h14","076","065",52.656
"h14","076","075",599.441
"h14","076","077",94.808
"h14","076","078",173.719
"h14","076","095",95.276
"h14","098","020",46.041
"h14","098","022",23.719
"h14","098","064",17.937
"h14","098","078",99.65
"h14","098","089",21.477
"h14","098","090",76.568
"h14","098","091",121.507
"h14","098","092",121.728
"h14","098","093",116.975
"h14","098","096",93.763
"h14","098","099",38.003
"h14","098","100",45.733
"h14","098","104",299.707
"h14","100","008",54.998
"h14","100","013",90.792
"h14","100","016",59.365
"h14","100","031",42.927
"h14","100","063",83.289
"h14","100","068",55.37
"h14","100","076",107.346
"h14","100","079",144.857
"h14","100","089",9.581
"h14","100","092",121.728
"h14","100","094",99.794
"h14","100","095",88.907
"h14","100","096",255.157
"h14","100","097",175.193
"h15","001","002",37.507
"h15","001","003",207.766
"h15","001","015",51.21
"h15","001","017",32.233
"h15","001","019",64.28
"h15","001","024",66.897
"h15","001","025",82.055
"h15","001","027",73.649
"h15","001","028",51.9
"h15","001","032",52.166
"h15","001","034",19.712
"h15","001","053",118.92
"h15","001","079",39.589
"h15","001","085",50.533
"h15","002","001",24.609
"h15","002","004",104.532
"h15","002","006",278.263
"h15","002","008",225.14
"h15","002","010",315.979
"h15","002","011",96.385
"h15","002","012",106.453
"h15","002","013",120.066
"h15","002","014",131.709
"h15","002","015",276.004
"h15","002","017",75.76
"h15","002","018",100.343
"h15","002","019",183.069
"h15","002","020",57.74
"h15","002","021",53.513
"h15","002","022",189.824
"h15","002","023",97.473
"h15","002","024",104.046
"h15","002","025",141.768
"h15","002","026",94.402
"h15","002","027",116.041
"h15","002","028",47.575
"h15","002","030",97.71
"h15","002","031",144.85
"h15","002","032",124.866
"h15","002","033",134.516
"h15","002","034",63.202
"h15","002","039",295.523
"h15","002","042",25.392
"h15","002","043",86.601
"h15","002","050",65.911
"h15","002","053",145.87
"h15","002","056",106.848
"h15","002","076",43.015
"h15","002","086",21.223
"h15","002","100",45.733
"h15","003","009",43.533
"h15","003","012",58.636
"h15","003","014",43.903
"h15","003","017",52.621
"h15","003","020",57.74
"h15","003","023",48.991
"h15","003","025",48.799
"h15","003","027",51.247
"h15","003","033",108.893
"h15","003","038",123.63
"h15","003","041",92.826
"h15","003","047",81.671
"h15","003","048",75.088
"h15","003","050",79.313
"h15","003","078",99.65
"h15","006","001",87.233
"h15","006","002",72.6
"h15","006","003",153.638
"h15","006","011",100.168
"h15","006","013",141.304
"h15","006","014",176.561
"h15","006","015",127.481
"h15","006","016",59.365
"h15","006","017",75.76
"h15","006","019",62.722
"h15","006","021",36.438
"h15","006","023",81.015
"h15","006","025",48.799
"h15","006","026",53.58
"h15","006","028",50.124
"h15","006","034",19.712
"h15","006","041",91.794
"h15","006","045",108.393
"h15","006","050",79.313
"h15","006","053",118.92
"h15","006","054",26.936
"h15","006","055",89.107
"h15","006","063",55.492
"h15","006","075",77.514
"h15","007","002",37.507
"h15","007","003",74.152
"h15","007","004",99.067
"h15","007","011",86.173
"h15","007","012",109.38
"h15","007","013",512.537
"h15","007","014",74.678
"h15","007","016",87.588
"h15","007","017",32.233
"h15","007","019",96.429
"h15","007","021",96.881
"h15","007","022",115.191
"h15","007","023",233.603
"h15","007","024",185.817
"h15","007","025",48.799
"h15","007","026",163.449
"h15","007","030",37.912
"h15","007","032",185.336
"h15","007","034",31.562
"h15","007","038",41.21
"h15","007","041",45.897
"h15","007","044",48.363
"h15","007","045",68.049
"h15","009","019",86.64
"h15","009","020",38.001
"h15","009","021",40.928
"h15","009","022",115.315
"h15","009","024",40.796
"h15","009","025",82.055
"h15","009","026",53.58
"h15","009","027",73.649
"h15","009","028",43.683
"h15","009","029",66.814
"h15","009","032",62.433
"h15","009","034",19.712
"h15","009","054",69.228
"h15","009","055",89.107
"h15","009","063",80.189
"h15","009","079",56.538
"h15","010","001",12.487
"h15","010","013",60.033
"h15","010","015",55.744
"h15","010","021",36.438
"h15","010","025",97.598
"h15","010","026",70.743
"h15","010","028",195.398
"h15","010","030",87.072
"h15","010","031",190.987
"h15","010","033",74.026
"h15","010","034",36.931
"h15","010","055",189.844
"h15","010","056",97.06
"h15","013","001",49.218
"h15","013","004",32.004
"h15","013","005",54.415
"h15","013","007",54.792
"h15","013","011",36.089
"h15","013","012",61.563
"h15","013","014",43.903
"h15","013","015",55.744
"h15","013","025",82.055
"h15","013","026",57.696
"h15","013","078",173.723
"h15","015","005",89.117
"h15","015","007",123.937
"h15","015","011",46.301
"h15","015","014",43.903
"h15","015","016",59.365
"h15","015","021",36.438
"h15","015","022",47.518
"h15","015","023",81.015
"h15","015","026",94.402
"h15","015","033",68.253
"h15","015","041",112.619
"h15","015","042",45.021
"h15","015","053",384.96
"h15","015","090",76.568
"h15","020","003",207.766
"h15","020","004",139.591
"h15","020","013",60.033
"h15","020","014",43.903
"h15","020","017",42.325
"h15","020","037",50.151
"h15","020","041",39.542
"h15","020","042",10.013
"h15","020","044",29.403
"h15","020","049",91.475
"h15","020","065",60.631
"h15","021","001",74.746
"h15","021","009",49.709
"h15","021","010",44.202
"h15","021","011",15.052
"h15","021","017",52.621
"h15","021","022",23.719
"h15","021","025",48.799
"h15","021","027",82.077
"h15","021","034",19.712
"h15","021","036",82.009
"h15","021","042",39.018
"h15","021","060",25.137
"h15","021","076",92.123
"h15","024","002",49.27
"h15","024","003",74.152
"h15","024","006",142.793
"h15","024","007",59.165
"h15","024","018",46.728
"h15","024","033",114.666
"h15","024","034",31.562
"h15","024","036",80.744
"h15","024","041",53.284
"h15","024","042",25.392
"h15","024","045",59.305
"h15","024","061",89.914
"h15","024","064",16.229
"h15","024","077",48.867
"h15","035","003",134.308
"h15","035","004",42.217
"h15","035","005",34.702
"h15","035","006",52.507
"h15","035","010",84.313
"h15","035","022",33.729
"h15","035","023",162.03
"h15","035","027",82.077
"h15","035","029",282.533
"h15","035","030",81.586
"h15","035","036",80.744
"h15","035","054",36.639
"h15","076","005",54.415
"h15","076","020",57.74
"h15","076","021",43.368
"h15","076","024",69.565
"h15","076","062",29.466
"h15","076","065",52.656
"h15","076","075",599.441
"h15","076","077",94.808
"h15","076","078",173.719
"h15","076","095",95.276
"h15","098","020",46.041
"h15","098","022",23.719
"h15","098","064",17.937
"h15","098","078",99.65
"h15","098","089",21.477
"h15","098","090",76.568
"h15","098","092",121.728
"h15","098","093",31.98
"h15","098","096",93.763
"h15","098","099",38.003
"h15","098","100",45.733
"h15","098","104",299.707
"h15","100","008",54.998
"h15","100","013",90.792
"h15","100","016",59.365
"h15","100","031",42.927
"h15","100","063",83.289
"h15","100","068",55.37
"h15","100","076",107.346
"h15","100","079",105.268
"h15","100","089",9.581
"h15","100","092",121.728
"h15","100","094",197.058
"h15","100","095",92.345
"h15","100","096",255.157
"h15","100","097",175.193
"h15","100","098",62.455
"h15","100","099",67.605
"h16","001","002",37.507
"h16","001","003",207.766
"h16","001","015",51.21
"h16","001","018",100.343
"h16","001","019",64.28
"h16","001","024",66.897
"h16","001","027",73.649
"h16","001","034",19.712
"h16","001","037",50.151
"h16","001","050",79.313
"h16","001","053",118.92
"h16","001","085",50.533
"h16","002","004",104.532
"h16","002","006",112.337
"h16","002","008",54.998
"h16","002","010",313.068
"h16","002","011",147.526
"h16","002","012",106.453
"h16","002","014",43.903
"h16","002","015",224.794
"h16","002","017",44.808
"h16","002","018",54.227
"h16","002","019",183.069
"h16","002","021",40.928
"h16","002","022",142.182
"h16","002","023",67.401
"h16","002","024",118.92
"h16","002","025",195.196
"h16","002","026",94.402
"h16","002","027",82.077
"h16","002","028",153.803
"h16","002","030",60.935
"h16","002","031",135.647
"h16","002","032",236.633
"h16","002","033",30.245
"h16","002","034",63.202
"h16","002","039",163.207
"h16","002","043",86.601
"h16","002","053",145.87
"h16","002","076",43.015
"h16","003","009",43.533
"h16","003","012",58.636
"h16","003","014",43.903
"h16","003","017",52.621
"h16","003","018",58.605
"h16","003","020",57.74
"h16","003","023",48.991
"h16","003","025",48.799
"h16","003","038",123.63
"h16","003","041",146.11
"h16","003","047",81.671
"h16","003","048",75.088
"h16","003","050",79.313
"h16","003","078",99.65
"h16","006","001",47.086
"h16","006","002",72.6
"h16","006","003",153.638
"h16","006","007",123.937
"h16","006","011",50.084
"h16","006","012",47.817
"h16","006","013",392.471
"h16","006","014",101.883
"h16","006","015",51.21
"h16","006","016",59.365
"h16","006","017",75.76
"h16","006","019",62.722
"h16","006","021",36.438
"h16","006","023",113.506
"h16","006","025",48.799
"h16","006","026",53.58
"h16","006","034",19.712
"h16","006","045",59.305
"h16","006","050",79.313
"h16","006","053",118.92
"h16","006","054",26.936
"h16","006","055",89.107
"h16","006","063",55.492
"h16","007","002",37.507
"h16","007","003",74.152
"h16","007","004",67.063
"h16","007","011",50.084
"h16","007","012",61.563
"h16","007","013",120.066
"h16","007","019",96.429
"h16","007","021",53.513
"h16","007","022",67.797
"h16","007","023",166.202
"h16","007","025",48.799
"h16","007","026",163.449
"h16","007","032",125.735
"h16","007","034",31.562
"h16","007","038",41.21
"h16","009","003",207.766
"h16","009","019",86.64
"h16","009","020",38.001
"h16","009","021",40.928
"h16","009","022",115.315
"h16","009","024",40.796
"h16","009","026",53.58
"h16","009","027",73.649
"h16","009","028",43.683
"h16","009","032",62.433
"h16","009","054",69.228
"h16","009","063",80.189
"h16","009","079",56.538
"h16","010","001",12.487
"h16","010","004",42.217
"h16","010","013",60.033
"h16","010","015",55.744
"h16","010","021",36.438
"h16","010","025",97.598
"h16","010","026",70.743
"h16","010","028",145.274
"h16","010","030",46.279
"h16","010","033",74.026
"h16","010","055",189.844
"h16","015","005",89.117
"h16","015","006",76.042
"h16","015","007",69.145
"h16","015","011",46.301
"h16","015","014",43.903
"h16","015","021",36.438
"h16","015","022",47.518
"h16","015","023",81.015
"h16","015","026",94.402
"h16","015","033",68.253
"h16","015","034",36.931
"h16","015","037",50.151
"h16","015","041",59.335
"h16","015","090",76.568
"h16","076","005",54.415
"h16","076","020",57.74
"h16","076","021",43.368
"h16","076","024",69.565
"h16","076","062",29.466
"h16","076","065",52.656
"h16","076","075",437.902
"h16","076","077",48.867
"h16","076","078",173.719
"h16","076","089",47.627
"h16","076","095",95.276
"h16","100","008",54.998
"h16","100","013",90.792
"h16","100","016",59.365
"h16","100","031",42.927
"h16","100","064",12.616
"h16","100","068",55.37
"h16","100","076",107.346
"h16","100","079",105.268
"h16","100","089",9.581
"h16","100","092",121.728
"h16","100","094",97.264
"h16","100","095",88.907
"h16","100","096",255.157
"h16","100","097",89.198
"h16","100","099",67.605
"h17","002","001",34.599
"h17","002","004",104.532
"h17","002","005",74.525
"h17","002","006",76.042
"h17","002","008",162.523
"h17","002","010",234.026
"h17","002","011",111.437
"h17","002","012",109.38
"h17","002","014",101.883
"h17","002","015",224.794
"h17","002","016",59.365
"h17","002","017",44.808
"h17","002","018",54.227
"h17","002","019",86.64
"h17","002","021",40.928
"h17","002","022",47.394
"h17","002","024",52.023
"h17","002","025",48.799
"h17","002","026",94.402
"h17","002","027",82.077
"h17","002","030",107.214
"h17","002","031",42.927
"h17","002","032",111.767
"h17","002","034",86.98
"h17","002","039",163.207
"h17","002","043",86.601
"h17","002","076",43.015
"h18","002","001",59.208
"h18","002","005",74.525
"h18","002","006",76.042
"h18","002","008",54.998
"h18","002","010",114.873
"h18","002","011",111.437
"h18","002","012",61.563
"h18","002","014",101.883
"h18","002","015",56.653
"h18","002","019",149.362
"h18","002","025",48.799
"h18","002","026",94.402
"h18","002","027",82.077
"h18","002","034",43.49
"h18","002","038",41.21
"h18","002","076",43.015
"h19","002","001",59.208
"h19","002","005",74.525
"h19","002","008",54.998
"h19","002","011",15.052
"h19","002","012",61.563
"h19","002","014",101.883
"h19","002","017",89.616
"h19","002","019",62.722
"h19","002","034",43.49
"h19","002","076",43.015
