"hour";"001";"002";"003";"004";"005";"006";"007";"008";"009";"010";"011";"012";"013";"014";"015";"016";"017";"018";"019";"020";"021";"022";"023";"024";"025";"026";"027";"028";"029";"030";"031";"032";"033";"034";"035";"036";"037";"038";"039";"040";"041";"042";"043";"044";"045";"046";"047";"048";"049";"050";"051";"052";"053";"054";"055";"056";"057";"058";"059";"060";"061";"062";"063";"064";"065";"066";"067";"068";"069";"070";"071";"072";"073";"074";"075";"076";"077";"078";"079";"080";"081";"082";"083";"084";"085";"086";"087";"088";"089";"090";"091";"092";"093";"094";"095";"096";"097";"098";"099";"100";"101";"102";"103";"104";"105";"106";"107";"108";"109";"110";"111";"112";"113";"114";"115";"116";"117";"118";"119";"120";"121";"122";"123";"124";"125";"126";"127";"128";"129";"130";"131";"132";"133";"134";"135";"136";"137"
"min";"0";"0";"0";"0";"0";"0";"0";"0";"0";"0";"0";"0";"0";"0";"0";"0";"0";"0";"0";"0";"0";"0";"0";"0";"0";"0";"0";"0";"0";"0";"0";"0";"0";"0";"0";"0";"0";"0";"0";"0";"0";"0";"0";"0";"0";"0";"0";"0";"0";"0";"0";"0";"0";"0";"0";"0";"0";"0";"0";"0";"0";"0";"0";"0";"0";"0";"0";"0";"0";"0";"0";"0";"0";"0";"0";"0";"0";"0";"0";"0";"0";"0";"0";"0";"0";"0";"0";"0";"0";"0";"0";"0";"0";"0";"0";"0";"0";"0";"0";"0";"0";"0";"0";"0";"0";"0";"0";"0";"0";"0";"0";"0";"0";"0";"0";"0";"0";"0";"0";"0";"0";"0";"0";"0";"0";"0";"0";"0";"0";"0";"0";"0";"0";"0";"0";"0";"0"
"max";"37654.145";"37654.145";"37654.145";"37654.145";"37654.145";"37654.145";"37654.145";"37654.145";"37654.145";"37654.145";"37654.145";"37654.145";"37654.145";"37654.145";"37654.145";"37654.145";"37654.145";"37654.145";"37654.145";"37654.145";"37654.145";"37654.145";"37654.145";"37654.145";"37654.145";"37654.145";"37654.145";"37654.145";"37654.145";"37654.145";"37654.145";"37654.145";"37654.145";"37654.145";"37654.145";"37654.145";"37654.145";"37654.145";"37654.145";"37654.145";"37654.145";"37654.145";"37654.145";"37654.145";"37654.145";"37654.145";"37654.145";"37654.145";"37654.145";"37654.145";"37654.145";"37654.145";"37654.145";"37654.145";"37654.145";"37654.145";"37654.145";"37654.145";"37654.145";"37654.145";"37654.145";"37654.145";"37654.145";"37654.145";"37654.145";"37654.145";"37654.145";"37654.145";"37654.145";"37654.145";"37654.145";"37654.145";"37654.145";"37654.145";"37654.145";"37654.145";"37654.145";"37654.145";"37654.145";"37654.145";"37654.145";"37654.145";"37654.145";"37654.145";"37654.145";"37654.145";"37654.145";"37654.145";"37654.145";"37654.145";"37654.145";"37654.145";"37654.145";"37654.145";"37654.145";"37654.145";"37654.145";"37654.145";"37654.145";"37654.145";"37654.145";"37654.145";"37654.145";"37654.145";"37654.145";"37654.145";"37654.145";"37654.145";"37654.145";"37654.145";"37654.145";"37654.145";"37654.145";"37654.145";"37654.145";"37654.145";"37654.145";"37654.145";"37654.145";"37654.145";"37654.145";"37654.145";"37654.145";"37654.145";"37654.145";"37654.145";"37654.145";"37654.145";"37654.145";"37654.145";"37654.145";"37654.145";"37654.145";"37654.145";"37654.145";"37654.145";"37654.145"
"4am";"13100.647";" 5320.883";" 5663.945";"18257.110";"24450.988";" 8010.093";"11970.105";"20390.598";"18063.343";"21389.315";"23112.888";"24630.584";"18487.952";"19487.637";"24160.163";"12123.645";"13074.513";"14051.861";"16368.961";"18049.921";"18841.679";" 6810.019";"12232.923";"11125.714";"16347.056";"11369.374";"12418.181";"12278.705";"20452.301";"17427.526";"10319.036";"13755.145";"12920.524";"17608.874";"23445.090";"13252.451";" 8150.193";"11956.375";"16868.832";"16455.769";"15331.706";" 8773.819";" 4556.546";" 7670.646";"    0.000";"   29.901";"    0.000";"    0.000";"    0.000";"   69.385";"  150.457";"    0.000";"    0.000";"    0.000";"    0.000";"    0.000";"    0.000";"  153.566";"   43.791";"    0.000";"    0.000";"  108.553";"    0.000";"    0.000";"  182.016";"   73.631";"    0.000";"  176.853";"    0.000";"    0.000";"    0.000";"  102.111";"  239.448";"    0.000";"  161.926";"    0.000";"  522.219";"    0.000";"   52.876";"  234.631";"    0.000";"    0.000";"    0.000";"  166.036";"   32.074";"    0.000";"  153.188";"    0.000";"  317.434";"    0.000";"    0.000";"    0.000";"  563.991";"    0.000";"    0.000";"    0.000";"    0.000";"    0.000";"    0.000";"    0.000";"    0.000";"    0.000";"    0.000";"    0.000";"    0.000";"    0.000";"    0.000";"  306.645";"    0.000";"    0.000";"    0.000";"    0.000";"    0.000";"    0.000";"    0.000";"  132.084";"    0.000";"    0.000";"    0.000";"    0.000";"    0.000";"    0.000";"    0.000";"    0.000";"    0.000";"  330.807";"    0.000";"    0.000";"    0.000";"   72.530";"    0.000";"    0.000";"  174.686";"   28.684";"    0.000";"    0.000";"    0.000"
"5am";"13054.578";" 5276.360";" 5574.929";"18746.132";"24249.473";" 8090.745";"12012.641";"20924.481";"18541.166";"21229.796";"23066.727";"24183.704";"19136.885";"19512.594";"24121.755";"12015.179";"12779.096";"13890.292";"16229.524";"17707.356";"18473.222";" 6838.716";"12349.318";"11283.089";"16366.126";"10827.425";"12215.369";"12502.970";"20196.088";"16961.282";"10542.040";"13496.427";"12527.011";"17358.017";"23347.614";"12908.731";" 7867.633";"11618.229";"16827.000";"15717.215";"14734.301";" 8459.978";" 4487.226";" 7554.049";"    0.000";"   29.901";"    0.000";"    0.000";"    0.000";"   69.385";"  540.581";"    0.000";"    0.000";"    0.000";"    0.000";"    0.000";"    0.000";"  396.340";"   43.791";"   51.569";"    0.000";"  108.553";"   67.874";"    0.000";"  182.016";"   73.631";"    0.000";"  267.019";"    0.000";"    0.000";"   97.381";"  164.549";"  523.951";"    0.000";"  161.926";"  155.187";"  522.219";"    0.000";"   52.876";"  234.631";"    0.000";"    0.000";"    0.000";"  166.036";"   32.074";"    0.000";"  153.188";"    0.000";"  317.434";"    0.000";"    0.000";"   20.354";"  798.828";"    0.000";"    0.000";"    0.000";"    0.000";"    0.000";"    0.000";"    0.000";"    0.000";"    0.000";"    0.000";"    0.000";"    0.000";"    0.000";"    0.000";"  306.645";"    0.000";"    0.000";"    0.000";"    0.000";"    0.000";"   95.645";"    0.000";"  132.084";"    0.000";"    0.000";"    0.000";"    0.000";"    0.000";"    0.000";"    0.000";"    0.000";"    0.000";"  330.807";"    0.000";"    0.000";"    0.000";"   72.530";"    0.000";"    0.000";"  174.686";"   28.684";"    0.000";"    0.000";"    0.000"
"6am";"12629.805";" 5296.991";" 5683.584";"18138.957";"24137.618";" 8133.790";"11690.650";"20929.168";"18209.205";"21302.112";"22225.940";"23113.736";"18514.691";"18592.366";"24317.988";"11760.761";"11613.206";"13362.135";"15964.279";"17876.129";"17014.304";" 6514.366";"12059.173";"11276.838";"15803.998";" 9992.667";"11566.400";"12490.053";"18436.701";"15701.753";"10623.463";"13437.680";"12560.967";"17653.384";"23114.881";"12248.687";" 6956.398";"11661.535";"16073.543";"15619.744";"14353.429";" 8113.657";" 4210.784";" 7309.564";"  294.510";"    0.000";"  475.127";"  136.669";"  481.496";"  137.259";" 1182.676";"   86.677";"    0.000";"    0.000";"    0.000";"    0.000";"    0.000";"  153.566";"  139.816";"   51.569";"    0.000";"  108.553";"   67.874";"    0.000";"  182.016";"   73.631";"    0.000";"  168.553";"    0.000";"    0.000";"  272.970";"  164.549";" 1137.324";"    0.000";"  161.926";"  155.187";" 1081.673";"    0.000";"   52.876";"  234.631";"    0.000";"  112.263";"    0.000";"  111.253";"  109.743";"    0.000";"  217.980";"    0.000";"  277.439";"    0.000";"    0.000";"   20.354";" 1180.298";"    0.000";"    0.000";"    0.000";"    0.000";"    0.000";"    0.000";"  390.384";"   20.354";"    0.000";"    0.000";"    0.000";"    0.000";"    0.000";"    0.000";"  153.566";"    0.000";"    0.000";"    0.000";"    0.000";"  112.263";"   95.645";"    0.000";"  197.924";"    0.000";"    0.000";"    0.000";"    0.000";"    0.000";"    0.000";"    0.000";"    0.000";"    0.000";"  234.631";"    0.000";"    0.000";"    0.000";"   72.530";"    0.000";"    0.000";"  174.686";"   28.684";"    0.000";"    0.000";"  175.611"
"7am";"12397.014";" 5806.629";" 5802.830";"17198.648";"26130.813";" 9317.067";" 9934.330";"20405.681";"19634.443";"19804.831";"22228.202";"20984.003";"17826.302";"19458.940";"25384.465";"10747.529";" 9944.540";"11392.897";"12623.726";"18596.711";"14314.012";" 6821.236";"13421.140";"10738.898";"15028.743";"10273.086";" 9936.401";"12413.262";"15968.280";"15637.281";"10906.417";"14432.753";"12974.749";"17928.191";"20741.212";"10462.100";" 5690.008";"10266.949";"14222.949";"12537.092";"11193.802";" 7185.757";" 3209.362";" 6622.869";"  493.002";"  121.798";"  800.423";"  326.277";" 1024.984";"  443.405";" 2061.264";"   67.874";"    0.000";"  178.487";"    0.000";"    0.000";"   86.252";"  542.958";"  317.749";"  292.493";"  102.111";"    0.000";"  174.540";"    0.000";"  182.016";"   73.631";"    0.000";"  168.553";"    0.000";"  360.423";"  195.098";"  396.122";" 1598.524";"  223.578";"  404.700";"  273.897";" 1758.538";"    0.000";"   52.876";"  234.631";"    0.000";"  112.263";"    0.000";"  366.668";"  505.995";"  221.466";"  371.778";"    0.000";"  277.439";"  156.774";"  108.553";"   20.354";" 1878.281";"    0.000";"    0.000";"  332.491";"  175.611";"    0.000";"    0.000";"  615.961";"   20.354";"    0.000";"   81.878";"   77.181";"    0.000";"    0.000";"    0.000";"  153.566";"   27.239";"    0.000";"    0.000";"    0.000";"  289.116";"  391.523";"    0.000";"  411.808";"    0.000";"    0.000";"   51.569";"    0.000";"    0.000";"    0.000";"    0.000";"    0.000";"   57.276";"  290.559";"    0.000";"    0.000";"    0.000";"   72.530";"    0.000";"    0.000";"  263.138";"   28.684";"    0.000";"    0.000";"  175.611"
"8am";"16268.425";" 5626.458";" 6374.997";"16325.470";"30102.476";" 8435.729";" 9270.345";"19561.663";"21382.434";"17948.518";"20836.304";"20240.541";"17635.307";"22666.547";"24193.723";"10552.866";" 7643.649";"10860.282";"12569.479";"17766.853";"15996.527";" 7423.546";"13581.381";"10515.188";"15835.861";"10816.365";" 8573.028";"11548.555";"13360.359";"14849.319";"11287.658";"14320.593";"11267.093";"18539.978";"20838.338";" 7689.742";" 4849.420";"11646.070";"13379.911";"12628.556";"11183.255";" 6716.405";" 2566.249";" 6147.512";"  550.179";"  482.583";" 1028.646";"  673.433";" 2145.788";"  789.595";" 3357.780";"  452.752";"  111.549";"  178.487";"    0.000";"    0.000";"   86.252";"  837.452";"  662.643";"  979.903";"  177.779";"    0.000";"  273.361";"    0.000";"  182.016";"   73.631";"  164.355";"  571.079";"    0.000";"  970.723";"  690.849";"  294.011";" 2894.292";"  484.327";"  404.700";"  363.879";" 2334.492";"    0.000";"  206.442";"  288.024";"    0.000";"  326.505";"   32.074";"  607.075";" 1013.705";"  438.056";" 1186.774";"  248.197";"  477.119";"  347.684";"  249.000";"   20.354";" 2786.330";"   43.791";"    0.000";"  232.032";"  175.611";"    0.000";"  152.984";"  460.774";"  421.311";"    0.000";"  154.408";"   77.181";"  144.479";"   74.711";"    0.000";"  153.566";"   27.239";"    0.000";"    0.000";"    0.000";"  289.116";"  391.523";"  289.442";"  411.808";"  103.512";"  209.551";"   83.643";"    0.000";"   96.025";"    0.000";"  129.250";"    0.000";"   57.276";"  548.661";"    0.000";"    0.000";"    0.000";"    0.000";"    0.000";"    0.000";"  263.138";"   28.684";"    0.000";"  122.658";"  175.611"
"9am";"17650.017";" 5534.922";" 6372.808";"15621.461";"34977.868";" 8102.881";" 8359.330";"21035.504";"21628.088";"18478.006";"19699.629";"20305.829";"19306.104";"21704.248";"21637.082";"10527.011";" 6826.458";" 9940.430";"11636.551";"16709.953";"14629.793";" 7784.104";"12727.394";"11350.049";"17033.499";"12253.746";" 8374.633";"10436.799";"12682.106";"14565.924";"11503.274";"12649.594";"11018.960";"18958.724";"20003.527";" 7037.090";" 4370.266";"12944.744";"13375.557";"13654.469";"11532.743";" 7109.919";" 2225.860";" 6031.549";"  507.783";"  705.360";" 1347.368";"  673.433";" 2235.511";" 1363.094";" 3949.672";"  452.752";"    0.000";"  178.487";"    0.000";"    0.000";"  223.041";" 1252.405";"  641.703";"  979.903";"  240.738";"    0.000";"  351.669";"    0.000";"  182.016";"  115.146";"    0.000";"  571.079";"    0.000";"  863.531";"  690.849";"  505.480";" 3203.890";"  484.327";"  404.700";"  621.780";" 2409.423";"    0.000";"  456.865";"  288.024";"    0.000";"  284.109";"  196.429";"  669.582";" 1353.001";"  667.633";" 1615.351";"  248.197";"  795.822";"  602.346";"  538.073";"  136.521";" 3762.553";"   43.791";"    0.000";"  232.032";"  250.704";"    0.000";"  303.693";"  535.485";"  256.956";"  167.908";"  316.573";"   77.181";"  144.479";"   74.711";"    0.000";"  153.566";"   27.239";"    0.000";"    0.000";"    0.000";"  289.116";"  391.523";"  690.977";"  279.724";"  103.512";"  209.551";"  151.213";"    0.000";"   96.025";"    0.000";"  129.250";"   85.495";"   57.276";"  615.262";"    0.000";"    0.000";"    0.000";"    0.000";"    0.000";"    0.000";"   88.452";"   28.684";"    0.000";"  122.658";"    0.000"
"10am";"17952.264";" 5616.801";" 6820.007";"14964.629";"37601.056";" 8350.256";" 8939.248";"21004.005";"22542.065";"18312.339";"18383.909";"19574.278";"16988.835";"22551.562";"20777.128";"10324.286";" 6363.353";"10354.531";"10836.445";"16728.944";"14895.729";" 7564.102";"11644.480";"12647.022";"17584.362";"12042.295";" 7807.106";"10044.156";"12277.535";"13543.380";"10935.426";"13482.967";"10786.366";"19366.677";"19950.695";" 7555.208";" 4216.098";"12084.078";"13332.587";"14049.046";" 9720.816";" 7101.172";" 1883.361";" 6308.534";"  419.070";"  558.552";" 1590.144";"  881.869";" 2192.543";" 1235.398";" 4979.265";"  661.188";"    0.000";"  178.487";"    0.000";"    0.000";"  223.041";" 1688.709";"  800.499";" 1066.580";"  240.738";"    0.000";"  721.843";"    0.000";"  182.016";"  115.146";"    0.000";"  447.261";"    0.000";" 1068.785";"  690.849";"  391.223";" 3479.074";"  484.327";"  404.700";"  424.606";" 2468.209";"    0.000";"  403.989";"   53.393";"    0.000";"  363.818";"  196.429";"  853.227";" 1188.646";"  667.633";" 2247.602";"  248.197";"  960.177";"  802.899";"  792.049";"  136.521";" 3989.174";"   43.791";"    0.000";"  232.032";"  175.611";"    0.000";"  303.693";"  460.774";"  256.956";"  167.908";"  205.320";"   77.181";"  144.479";"   74.711";"    0.000";"  153.566";"   27.239";"    0.000";"    0.000";"    0.000";"  363.827";"  535.836";"  690.977";"  176.890";"    0.000";"  209.551";"  151.213";"    0.000";"  199.537";"    0.000";"  240.503";"   85.495";"   57.276";"  718.096";"    0.000";"    0.000";"  178.487";"    0.000";"    0.000";"    0.000";"   88.452";"  139.937";"    0.000";"    0.000";"    0.000"
"11am";"18999.006";" 5413.164";" 5956.115";"15268.543";"36859.926";" 7981.250";" 8435.253";"21101.094";"22672.362";"17743.465";"19049.302";"19782.757";"16699.437";"22217.241";"21842.497";"10151.385";" 7037.508";" 9167.256";"12288.449";"17183.943";"14451.665";" 7294.050";"12171.864";"11893.786";"15918.845";"10315.521";" 7636.154";"10724.118";"11891.719";"13944.050";"10775.057";"13271.899";"11118.769";"19068.700";"21874.324";" 7620.910";" 4068.258";"13050.554";"11852.459";"13826.665";" 9521.589";" 7042.618";" 2234.190";" 6120.126";"  419.070";"  464.513";" 1969.660";" 1160.967";" 2355.643";" 1032.385";" 4079.018";"  661.188";"    0.000";"  205.726";"    0.000";"    0.000";"  223.041";" 1884.207";"  656.925";" 1066.580";"  240.738";"    0.000";"  721.843";"   42.396";"  327.076";"  115.146";"    0.000";"  447.261";"    0.000";" 1068.785";"  826.770";"  391.223";" 3085.552";"  723.872";"  404.700";"  424.606";" 2372.033";"    0.000";"  403.989";"   53.393";"    0.000";"  363.818";"  196.429";"  853.227";" 1156.572";"  716.586";" 2279.676";"  248.197";"  960.177";"  704.973";"  713.662";"  136.521";" 4179.276";"   43.791";"    0.000";"  183.069";"  175.611";"    0.000";"  150.709";"  460.774";"  256.956";"  167.908";"  154.408";"   77.181";"  144.479";"   74.711";"    0.000";"  243.732";"   27.239";"    0.000";"    0.000";"    0.000";"  363.827";"  535.836";"  690.977";"  233.708";"    0.000";"  209.551";"  151.213";"    0.000";"  199.537";"    0.000";"  129.250";"   85.495";"   57.276";"  718.096";"    0.000";"    0.000";"  178.487";"    0.000";"    0.000";"    0.000";"   88.452";"  139.937";"    0.000";"  113.634";"    0.000"
"12am";"18207.673";" 5687.003";" 5960.567";"15811.423";"36360.053";" 7275.125";" 8387.368";"19976.706";"22125.797";"17821.997";"17809.791";"20603.372";"17967.839";"22129.802";"23001.992";" 9863.260";" 8255.363";"10306.806";"12936.427";"15969.137";"15106.745";" 7613.670";"11074.583";"12850.259";"15982.772";" 9101.068";" 7242.781";"11398.363";"13903.870";"13217.072";"10229.021";"14117.098";"11650.434";"18355.423";"21557.478";" 8435.511";" 5193.866";"13497.111";"12255.640";"14852.118";"11524.349";" 6808.853";" 2546.967";" 6745.834";"  374.919";"  399.189";" 1503.557";" 1215.254";" 1830.996";" 1075.526";" 4244.592";"  378.041";"    0.000";"  205.726";"    0.000";"    0.000";"  136.789";" 1547.466";"  484.421";"  686.087";"  567.958";"    0.000";"  823.019";"   42.396";"  327.076";"   40.053";"   75.093";"  447.261";"    0.000";" 1029.169";"  850.570";"  500.019";" 3392.078";"  723.872";"  161.926";"  118.710";" 2164.962";"  222.100";"  403.989";"    0.000";"    0.000";"  363.818";"  196.429";"  894.501";" 1134.289";"  407.381";" 1959.795";"  248.197";"  669.761";"  849.452";"  573.215";"  160.801";" 3595.637";"  251.790";"    0.000";"  257.780";"  175.611";"    0.000";"  150.709";"  545.571";"  256.956";"  167.908";"  154.408";"   77.181";"  144.479";"    0.000";"    0.000";"   90.166";"   27.239";"    0.000";"    0.000";"    0.000";"  363.827";"  687.172";"  690.977";"  233.708";"    0.000";"  209.551";"  151.213";"    0.000";"  199.537";"    0.000";"  129.250";"    0.000";"  142.771";"  718.096";"    0.000";"    0.000";"  178.487";"    0.000";"    0.000";"    0.000";"   88.452";"  139.937";"    0.000";"  113.634";"    0.000"
"1pm";"16981.038";" 5618.954";" 6434.795";"15018.245";"35063.094";" 8654.335";" 8511.660";"19798.402";"21697.088";"16949.114";"17582.181";"20965.188";"18339.520";"23139.780";"23499.111";"10138.340";" 8781.066";" 9826.677";"11824.947";"15267.252";"16034.855";" 8217.656";"11186.847";"12887.037";"15356.734";"10375.919";" 8311.933";"12060.891";"14329.390";"13221.157";" 9891.576";"14985.033";"11720.686";"18122.635";"20954.838";" 7393.548";" 4705.576";"13308.388";"12626.896";"13372.394";"11082.479";" 7642.374";" 2646.898";" 7159.126";"  313.864";"  641.366";" 1578.957";" 1140.543";" 2361.025";"  889.321";" 4231.868";"  543.493";"   88.452";"  178.487";"    0.000";"    0.000";"  136.789";" 1698.251";"  530.531";"  947.816";"  570.067";"    0.000";"  914.311";"   42.396";"  182.016";"   40.053";"   75.093";"  357.095";"    0.000";" 1097.043";"  733.564";"  391.223";" 2819.075";"  723.872";"  404.700";"  118.710";" 1930.070";"  222.100";"  608.517";"   53.393";"    0.000";"  363.818";"  196.429";"  551.396";" 1374.656";"  551.860";" 1980.763";"  248.197";"  807.098";"  704.973";"  695.873";"   20.354";" 3660.162";"   43.791";"    0.000";"  183.069";"  175.611";"    0.000";"  150.709";"  718.795";"   52.428";"  167.908";"  154.408";"  253.347";"  144.479";"   74.711";"    0.000";"   90.166";"   27.239";"    0.000";"    0.000";"    0.000";"  363.827";"  730.963";"  690.977";"  111.050";"    0.000";"  209.551";"  231.865";"    0.000";"  199.537";"    0.000";"  129.250";"   85.495";"   57.276";"  615.262";"    0.000";"    0.000";"  178.487";"    0.000";"    0.000";"    0.000";"   88.452";"  139.937";"    0.000";"  113.634";"    0.000"
"2pm";"18406.835";" 6121.292";" 7317.391";"15397.097";"37654.145";" 8239.275";" 8677.334";"18541.663";"21432.642";"16402.246";"16514.152";"21127.543";"17778.318";"23286.876";"21191.677";"10008.822";" 8105.135";" 9418.968";"11589.657";"14699.920";"16823.208";" 7989.530";"10778.909";"12285.660";"14177.365";"11363.889";" 8119.591";"11038.120";"12689.110";"13860.483";"10306.890";"14497.680";"11578.127";"18218.627";"19246.555";" 7791.282";" 4536.024";"14597.706";"13201.202";"12628.195";"10777.700";" 6944.538";" 2616.075";" 7418.677";"  263.883";" 1172.466";" 1891.686";" 1127.328";" 2714.330";"  841.175";" 4455.531";"  953.307";"   88.452";"  178.487";"    0.000";"    0.000";"  223.041";" 1732.642";"  555.047";"  850.895";"  294.991";"    0.000";" 1001.906";"   42.396";"    0.000";"   40.053";"    0.000";"  357.095";"    0.000";" 1176.752";"  637.259";"  585.120";" 2988.932";" 1001.286";"  404.700";"  118.710";" 2196.469";"  335.734";"  608.517";"   53.393";"  114.552";"  284.109";"  196.429";"  841.182";" 1262.872";"  600.419";" 2259.974";"  370.855";"  807.098";"  704.973";"  836.320";"   20.354";" 3905.238";"  124.443";"    0.000";"  183.069";"  175.611";"    0.000";"  150.709";"  718.795";"   32.074";"  167.908";"  154.408";"  253.347";"  144.479";"   74.711";"  106.666";"   90.166";"   27.239";"    0.000";"    0.000";"    0.000";"  363.827";"  577.775";"  606.527";"  225.602";"    0.000";"  209.551";"  231.865";"    0.000";"  199.537";"    0.000";"  129.250";"   85.495";"   57.276";"  615.262";"    0.000";"    0.000";"  178.487";"  130.406";"    0.000";"    0.000";"   88.452";"   28.684";"    0.000";"  113.634";"    0.000"
"3pm";"20216.296";" 6250.863";" 7252.605";"15183.388";"34662.401";" 8262.518";" 8858.248";"19214.329";"19120.555";"16157.426";"18412.392";"21774.253";"17766.401";"23308.758";"17293.109";"10417.238";" 7964.105";" 9098.455";"12150.312";"15432.966";"16278.470";" 8926.099";" 9972.850";"12153.278";"13442.309";"12053.258";" 8265.565";" 9637.937";"11757.835";"15472.899";"10049.927";"14288.801";"11887.278";"18318.680";"18966.551";" 8014.762";" 5013.481";"15341.221";"12478.359";"12857.652";"11286.290";" 6987.099";" 2458.848";" 7566.246";"  654.544";"  943.565";" 2275.684";"  976.807";" 2168.306";"  707.526";" 4797.251";"  894.521";"   88.452";"  178.487";"    0.000";"    0.000";"  223.041";" 1554.184";"  474.397";"  850.895";"  294.991";"    0.000";"  900.730";"   42.396";"    0.000";"   40.053";"  181.036";"  278.708";"    0.000";" 1097.043";"  593.468";"  606.847";" 3069.584";"  875.998";"  404.700";"  118.710";" 2145.171";"  335.734";"  365.448";"   53.393";"  114.552";"  284.109";"  196.429";"  817.311";" 1254.747";"  551.860";" 2129.005";"  682.878";"  545.401";"  785.229";"  695.873";"   20.354";" 3275.046";"  264.890";"    0.000";"  183.069";"  250.704";"    0.000";"    0.000";"  788.180";"   32.074";"  167.908";"  265.661";"   77.181";"  144.479";"   74.711";"    0.000";"   90.166";"   27.239";"    0.000";"  106.666";"    0.000";"  251.564";"  577.775";"  400.699";"  225.602";"    0.000";"  209.551";"  231.865";"    0.000";"   96.025";"    0.000";"    0.000";"   85.495";"   57.276";"  463.734";"    0.000";"    0.000";"    0.000";"  254.224";"    0.000";"    0.000";"   88.452";"   28.684";"    0.000";"    0.000";"  175.611"
"4pm";"19030.159";" 5557.064";" 6158.709";"15911.072";"32963.853";" 7585.777";" 8833.440";"19643.418";"18605.026";"15293.956";"20210.259";"22762.474";"16880.963";"21411.195";"18068.273";"10354.558";" 8558.195";"10244.427";"12747.233";"16015.101";"16104.462";" 8411.897";"10602.993";"11824.284";"13194.894";"11467.239";" 8373.290";"10673.898";"13468.351";"16356.802";" 9643.878";"12947.470";"11413.654";"16393.183";"21457.550";" 7692.910";" 4745.875";"13254.851";"12585.136";"13316.658";"11386.047";" 8374.149";" 2529.541";" 8231.748";"  478.047";"  675.847";" 1823.270";"  810.050";" 1589.491";"  941.752";" 3342.450";"  687.514";"   88.452";"  178.487";"    0.000";"    0.000";"   86.252";" 1516.015";"  593.974";"  625.972";"  192.880";"    0.000";"  832.856";"   42.396";"    0.000";"   40.053";"  181.036";"  182.403";"    0.000";"  634.350";"  671.340";"  375.274";" 2432.576";"  688.548";"  752.718";"  118.710";" 1197.578";"  222.100";"  365.448";"  230.246";"  114.552";"  241.713";"  360.784";"  545.512";" 1393.778";"  474.873";" 1445.388";"  337.176";"  545.401";"  425.541";"  584.598";"   20.354";" 2567.003";"  124.443";"    0.000";"   86.764";"  175.611";"    0.000";"    0.000";"  562.603";"   32.074";"  167.908";"  183.783";"    0.000";"  144.479";"   74.711";"    0.000";"   90.166";"   27.239";"    0.000";"  106.666";"    0.000";"   74.711";"  709.859";"  448.786";"  225.602";"    0.000";"    0.000";"  151.213";"    0.000";"   96.025";"    0.000";"    0.000";"    0.000";"   57.276";"  324.703";"    0.000";"    0.000";"    0.000";"  254.224";"    0.000";"    0.000";"    0.000";"    0.000";"    0.000";"    0.000";"  175.611"
"5pm";"16297.900";" 4645.601";" 5944.286";"15753.981";"29525.225";" 7551.337";" 8723.582";"20181.026";"19659.241";"17168.117";"20358.822";"22649.173";"16065.842";"20037.146";"20726.448";" 9744.411";"10529.923";"12144.176";"13518.816";"16250.122";"17636.166";" 7357.931";"11558.683";"11092.433";"14877.514";"11255.725";" 9782.163";"11302.973";"16273.337";"16346.040";"10590.050";"12696.575";"10775.663";"17903.742";"19763.490";" 9572.083";" 5553.378";"12785.049";"15151.476";"16587.119";"12417.983";" 7697.273";" 3407.113";" 8269.627";"  248.407";"  636.231";" 1594.323";"  171.361";"  726.681";"  643.821";" 1957.138";"  600.837";"  111.549";"  178.487";"    0.000";"    0.000";"  188.363";" 1286.946";"  484.577";"  625.972";"  192.880";"    0.000";"  835.340";"    0.000";"    0.000";"   40.053";"  181.036";"  182.403";"    0.000";"  634.350";"  364.057";"  375.274";" 1176.860";"  214.079";"  752.718";"   20.354";" 1084.168";"  222.100";"    0.000";"  176.853";"  114.552";"    0.000";"  360.784";"  515.125";"  613.662";"  361.463";"  608.590";"  337.176";"  388.624";"  322.914";"  287.722";"   20.354";" 1795.208";"   43.791";"    0.000";"   86.764";"    0.000";"    0.000";"    0.000";"  459.769";"    0.000";"  167.908";"  183.783";"    0.000";"  144.479";"   74.711";"    0.000";"   90.166";"    0.000";"    0.000";"  106.666";"    0.000";"    0.000";"  239.958";"  580.870";"    0.000";"    0.000";"    0.000";"   67.570";"    0.000";"   96.025";"    0.000";"    0.000";"    0.000";"    0.000";"  228.527";"    0.000";"    0.000";"   73.631";"  254.224";"    0.000";"    0.000";"    0.000";"    0.000";"    0.000";"    0.000";"  175.611"
"6pm";"14662.838";" 5352.265";" 5155.579";"16760.347";"27462.255";" 7544.871";" 9689.591";"20976.220";"17813.889";"17417.311";"20254.328";"22747.806";"16252.392";"19496.464";"21903.615";"10583.592";"11045.089";"13559.836";"14545.249";"15666.195";"19513.204";" 7479.093";"11995.609";"12461.305";"15267.555";"11226.638";"11335.487";"11366.261";"17874.465";"17639.072";" 9963.343";"13382.244";"10549.139";"18723.665";"21714.051";"11078.225";" 6827.860";"12866.154";"16103.798";"16974.347";"12644.987";" 8112.257";" 4118.153";" 8208.336";"  301.636";"  270.892";" 1649.937";"  171.361";"  600.151";"  278.509";" 1324.570";"  391.280";"    0.000";"    0.000";"    0.000";"    0.000";"   86.252";" 1281.376";"  220.468";"  296.937";"  129.921";"    0.000";"  347.150";"    0.000";"    0.000";"   40.053";"    0.000";"  182.403";"    0.000";"  634.350";"  214.176";"    0.000";"  581.397";"   21.727";"  605.711";"  371.576";"  279.778";"    0.000";"  133.908";"  176.853";"    0.000";"    0.000";"  164.355";"  208.484";"  340.167";"   48.953";"   39.616";"  122.658";"  388.624";"  322.914";"  175.589";"    0.000";"  904.377";"    0.000";"    0.000";"    0.000";"    0.000";"    0.000";"    0.000";"  390.384";"    0.000";"  167.908";"   72.530";"    0.000";"  144.479";"   83.619";"    0.000";"   90.166";"    0.000";"    0.000";"  106.666";"    0.000";"    0.000";"  239.958";"  113.255";"   54.783";"    0.000";"    0.000";"   67.570";"    0.000";"  218.683";"    0.000";"    0.000";"    0.000";"    0.000";"    0.000";"    0.000";"    0.000";"   73.631";"  254.224";"    0.000";"    0.000";"    0.000";"    0.000";"    0.000";"    0.000";"    0.000"
"7pm";"14441.858";" 5812.587";" 5387.308";"17461.032";"26245.357";" 8065.921";"10447.311";"19549.691";"18154.729";"19905.171";"20564.127";"24107.734";"16996.544";"18530.490";"24564.625";"11863.022";"11691.517";"13972.598";"15715.093";"16820.660";"19971.851";" 7255.236";"12534.554";"12236.784";"15368.136";"11226.502";"12769.592";"11566.136";"19208.201";"18999.394";"10240.818";"12922.909";"12288.575";"18162.264";"22717.895";"12487.450";" 7665.170";"12340.420";"16583.781";"15897.736";"14135.119";" 8467.025";" 4487.781";" 8557.760";"    0.000";"  176.853";"  890.736";"   67.874";"  258.483";"  395.026";"  699.101";"   67.874";"    0.000";"    0.000";"    0.000";"    0.000";"    0.000";"  636.571";"   43.791";"    0.000";"  226.226";"    0.000";"  464.239";"    0.000";"    0.000";"    0.000";"    0.000";"    0.000";"   78.308";"  583.328";"  268.654";"    0.000";"  546.186";"    0.000";"  237.019";"  351.222";"  419.645";"    0.000";"   69.385";"  176.853";"    0.000";"    0.000";"    0.000";"  208.484";"  296.376";"   48.953";"   39.616";"    0.000";"  388.624";"  234.631";"  175.589";"    0.000";"  326.217";"    0.000";"    0.000";"    0.000";"    0.000";"    0.000";"    0.000";"    0.000";"    0.000";"    0.000";"   72.530";"    0.000";"    0.000";"    0.000";"    0.000";"   90.166";"    0.000";"    0.000";"  106.666";"    0.000";"    0.000";"  144.313";"    0.000";"   54.783";"    0.000";"    0.000";"   67.570";"    0.000";"  122.658";"    0.000";"    0.000";"    0.000";"    0.000";"    0.000";"    0.000";"    0.000";"    0.000";"  123.818";"    0.000";"    0.000";"    0.000";"    0.000";"    0.000";"    0.000";"    0.000"
"8pm";"14484.759";" 5444.479";" 5577.738";"19231.031";"25769.424";" 8208.392";"11094.137";"20407.165";"17186.735";"20525.596";"22522.849";"25046.292";"17177.659";"18946.989";"23177.224";"11444.541";"11802.177";"14545.486";"15925.644";"16902.755";"19436.562";" 6926.819";"12310.492";"11691.169";"16594.610";"11213.934";"12957.243";"11392.142";"20271.133";"18737.229";"10185.740";"13652.939";"12654.826";"17958.206";"22809.887";"13351.599";" 8115.928";"12699.040";"17447.692";"16230.751";"13749.992";" 8829.017";" 4323.558";" 7787.356";"    0.000";"  254.175";"  746.257";"    0.000";"  131.823";"  344.901";"  639.260";"   80.256";"    0.000";"    0.000";"    0.000";"    0.000";"    0.000";"  642.172";"  141.508";"    0.000";"  226.226";"    0.000";"  278.739";"    0.000";"    0.000";"    0.000";"    0.000";"    0.000";"   78.308";"  423.935";"  268.654";"    0.000";"  217.496";"    0.000";"   75.093";"  351.222";"  419.645";"    0.000";"   52.876";"  176.853";"    0.000";"    0.000";"    0.000";"  208.484";"  586.432";"   48.953";"    0.000";"    0.000";"   62.343";"  234.631";"  175.589";"  164.355";"  234.486";"  130.406";"  102.627";"    0.000";"    0.000";"    0.000";"    0.000";"    0.000";"    0.000";"    0.000";"   72.530";"    0.000";"    0.000";"    0.000";"    0.000";"    0.000";"    0.000";"    0.000";"    0.000";"    0.000";"    0.000";"    0.000";"    0.000";"   54.783";"    0.000";"    0.000";"    0.000";"    0.000";"  122.658";"    0.000";"    0.000";"    0.000";"    0.000";"    0.000";"    0.000";"    0.000";"    0.000";"  123.818";"    0.000";"    0.000";"    0.000";"    0.000";"    0.000";"    0.000";"    0.000"
"9pm";"14673.178";" 5733.307";" 5942.648";"19890.668";"26278.999";" 8227.359";"11297.380";"19860.716";"17719.087";"20105.196";"22581.486";"25537.911";"16983.680";"19124.197";"23946.371";"11580.490";"12230.187";"14290.653";"16342.679";"17130.008";"19291.443";" 6505.540";"12310.967";"11818.812";"16230.393";"11377.110";"13086.092";"11109.374";"20410.952";"18437.266";" 9987.041";"13434.780";"12916.461";"18166.524";"22868.639";"13306.137";" 8288.245";"12668.829";"17157.604";"16123.559";"14771.160";" 9080.007";" 4399.835";" 7908.795";"    0.000";"  254.175";"  280.584";"  102.673";"    0.000";"  302.505";"  417.107";"    0.000";"    0.000";"    0.000";"    0.000";"    0.000";"    0.000";"  711.109";"  141.508";"    0.000";"   96.305";"    0.000";"  278.739";"    0.000";"    0.000";"    0.000";"    0.000";"    0.000";"   78.308";"   67.874";"  166.027";"    0.000";"  217.496";"    0.000";"    0.000";"    0.000";"  398.175";"    0.000";"   52.876";"  176.853";"    0.000";"    0.000";"    0.000";"  363.822";"  586.432";"   48.953";"    0.000";"    0.000";"  226.698";"  234.631";"  175.589";"    0.000";"  140.447";"    0.000";"  102.627";"    0.000";"    0.000";"    0.000";"    0.000";"    0.000";"    0.000";"    0.000";"    0.000";"    0.000";"    0.000";"    0.000";"    0.000";"    0.000";"    0.000";"    0.000";"    0.000";"    0.000";"    0.000";"    0.000";"    0.000";"   54.783";"    0.000";"    0.000";"    0.000";"    0.000";"    0.000";"    0.000";"    0.000";"    0.000";"    0.000";"    0.000";"    0.000";"    0.000";"    0.000";"   72.530";"    0.000";"    0.000";"    0.000";"    0.000";"    0.000";"    0.000";"    0.000"
"10pm";"13285.832";" 5864.680";" 5789.664";"19678.111";"26354.637";" 8360.998";"11457.839";"20729.509";"17457.287";"20976.890";"22991.728";"25363.333";"17672.001";"19763.803";"23805.025";"11889.947";"12633.822";"14290.653";"17015.810";"17505.549";"19317.417";" 6643.598";"12310.967";"11376.988";"15332.864";"11229.879";"12916.612";"11450.400";"20728.379";"18067.347";" 9987.041";"13699.469";"13072.898";"18322.923";"23058.662";"13372.367";" 8330.641";"12364.363";"17154.156";"15918.265";"15297.606";" 9015.215";" 4399.835";" 7795.548";"    0.000";"  102.647";"  202.305";"  102.673";"    0.000";"    0.000";"  342.396";"    0.000";"    0.000";"    0.000";"    0.000";"    0.000";"    0.000";"  788.582";"  141.508";"    0.000";"   96.305";"    0.000";"   69.440";"    0.000";"    0.000";"    0.000";"    0.000";"    0.000";"    0.000";"   67.874";"   54.478";"    0.000";"  217.496";"    0.000";"    0.000";"    0.000";"  139.867";"    0.000";"   52.876";"  176.853";"    0.000";"    0.000";"    0.000";"  266.591";"  450.684";"   48.953";"   96.305";"    0.000";"  226.698";"  234.631";"    0.000";"    0.000";"  140.447";"    0.000";"    0.000";"    0.000";"    0.000";"    0.000";"    0.000";"    0.000";"    0.000";"    0.000";"    0.000";"    0.000";"    0.000";"    0.000";"    0.000";"    0.000";"    0.000";"    0.000";"    0.000";"    0.000";"    0.000";"    0.000";"    0.000";"   54.783";"    0.000";"    0.000";"    0.000";"    0.000";"    0.000";"    0.000";"    0.000";"    0.000";"    0.000";"    0.000";"    0.000";"    0.000";"    0.000";"   72.530";"    0.000";"    0.000";"    0.000";"    0.000";"    0.000";"    0.000";"    0.000"
"11pm";"12770.423";" 5318.396";" 5663.537";"19669.672";"24910.890";" 8243.049";"11650.759";"21204.050";"17656.485";"21153.432";"23414.255";"25394.443";"17955.623";"19380.603";"23905.641";"11964.658";"12887.744";"14368.961";"17015.810";"17726.201";"19317.417";" 6829.724";"12231.441";"11458.983";"15760.102";"11380.782";"13007.989";"11616.871";"20479.964";"18067.347";" 9987.041";"13851.549";"13072.898";"18199.160";"23223.326";"13533.538";" 8192.589";"12517.503";"17693.016";"16233.659";"15352.389";" 9102.797";" 4514.537";" 7758.980";"    0.000";"  102.647";"  202.305";"  102.673";"    0.000";"    0.000";"  103.487";"    0.000";"    0.000";"    0.000";"    0.000";"    0.000";"    0.000";"  416.511";"   43.791";"    0.000";"   96.305";"    0.000";"   69.440";"    0.000";"    0.000";"    0.000";"    0.000";"    0.000";"    0.000";"   67.874";"   54.478";"    0.000";"  316.687";"    0.000";"    0.000";"    0.000";"    0.000";"    0.000";"   52.876";"    0.000";"    0.000";"    0.000";"    0.000";"  111.253";"  206.760";"   48.953";"   96.305";"    0.000";"  226.698";"  234.631";"    0.000";"    0.000";"  140.447";"    0.000";"    0.000";"    0.000";"    0.000";"    0.000";"    0.000";"    0.000";"    0.000";"    0.000";"    0.000";"    0.000";"    0.000";"    0.000";"    0.000";"    0.000";"    0.000";"    0.000";"    0.000";"    0.000";"    0.000";"    0.000";"    0.000";"   54.783";"    0.000";"    0.000";"    0.000";"    0.000";"    0.000";"    0.000";"    0.000";"    0.000";"    0.000";"    0.000";"    0.000";"    0.000";"    0.000";"   72.530";"    0.000";"    0.000";"    0.000";"    0.000";"    0.000";"    0.000";"    0.000"
"12pm";"12626.110";" 5362.187";" 5658.006";"19128.890";"24910.989";" 8226.559";"11650.759";"21335.337";"18027.547";"20918.015";"23869.969";"25042.809";"18457.313";"19258.641";"23905.641";"11964.658";"12887.744";"14599.069";"17015.810";"17851.358";"19317.417";" 6728.870";"12231.441";"11396.640";"15867.951";"11241.751";"13251.628";"12025.557";"20303.111";"18175.900";" 9986.280";"14139.557";"13159.150";"18014.838";"23625.590";"13374.120";" 8277.381";"11659.432";"17569.505";"16585.940";"15211.653";" 9190.379";" 4798.419";" 8065.038";"    0.000";"  102.647";"   86.138";"  102.673";"    0.000";"    0.000";"  103.487";"    0.000";"    0.000";"    0.000";"    0.000";"    0.000";"    0.000";"  301.418";"   43.791";"    0.000";"   96.305";"    0.000";"   69.440";"    0.000";"    0.000";"    0.000";"    0.000";"    0.000";"    0.000";"    0.000";"    0.000";"    0.000";"    0.000";"    0.000";"    0.000";"    0.000";"    0.000";"    0.000";"   52.876";"    0.000";"    0.000";"    0.000";"    0.000";"  111.253";"  206.760";"    0.000";"    0.000";"    0.000";"  226.698";"  234.631";"    0.000";"    0.000";"  189.400";"    0.000";"    0.000";"    0.000";"    0.000";"    0.000";"    0.000";"    0.000";"    0.000";"    0.000";"    0.000";"    0.000";"    0.000";"    0.000";"    0.000";"    0.000";"    0.000";"    0.000";"    0.000";"    0.000";"    0.000";"    0.000";"    0.000";"   54.783";"    0.000";"    0.000";"    0.000";"    0.000";"    0.000";"    0.000";"    0.000";"    0.000";"    0.000";"    0.000";"    0.000";"    0.000";"    0.000";"   72.530";"    0.000";"    0.000";"    0.000";"    0.000";"    0.000";"    0.000";"    0.000"
"1am";"12626.110";" 5438.052";" 5706.969";"18886.116";"24829.952";" 8285.475";"11650.759";"21473.419";"18027.547";"21040.673";"23477.414";"25285.583";"18580.977";"19501.836";"24234.351";"11964.658";"13025.081";"14525.577";"17015.810";"17851.358";"19203.160";" 6728.870";"12231.441";"11152.015";"15867.951";"11241.751";"13251.628";"12112.234";"20303.111";"18387.126";" 9986.280";"14139.557";"13119.534";"18039.541";"23625.590";"13499.630";" 8277.381";"11659.432";"17569.505";"16585.940";"15182.817";" 9190.379";" 4820.146";" 8104.654";"    0.000";"  102.647";"   64.411";"    0.000";"    0.000";"    0.000";"  103.487";"    0.000";"    0.000";"    0.000";"    0.000";"    0.000";"    0.000";"    0.000";"   43.791";"    0.000";"   96.305";"    0.000";"   69.440";"    0.000";"    0.000";"    0.000";"    0.000";"    0.000";"    0.000";"    0.000";"    0.000";"  114.257";"    0.000";"    0.000";"    0.000";"    0.000";"    0.000";"    0.000";"   52.876";"    0.000";"    0.000";"    0.000";"    0.000";"  111.253";"  206.760";"    0.000";"    0.000";"    0.000";"  226.698";"  234.631";"    0.000";"    0.000";"  189.400";"    0.000";"    0.000";"    0.000";"    0.000";"    0.000";"    0.000";"    0.000";"    0.000";"    0.000";"    0.000";"    0.000";"    0.000";"    0.000";"    0.000";"    0.000";"    0.000";"    0.000";"    0.000";"    0.000";"    0.000";"    0.000";"    0.000";"   54.783";"    0.000";"    0.000";"    0.000";"    0.000";"    0.000";"    0.000";"    0.000";"    0.000";"    0.000";"    0.000";"    0.000";"    0.000";"    0.000";"   72.530";"    0.000";"    0.000";"    0.000";"    0.000";"    0.000";"    0.000";"    0.000"
"2am";"12763.271";" 5438.052";" 5706.969";"18886.116";"24829.952";" 8148.314";"11650.759";"21614.155";"18027.547";"21040.673";"23459.314";"25285.583";"18580.977";"19501.836";"24234.351";"11964.658";"13162.418";"14525.577";"16935.554";"17851.358";"19203.160";" 6728.870";"12231.441";"11152.015";"15867.951";"11241.751";"13251.628";"12112.234";"20303.111";"18387.126";" 9986.280";"14139.557";"13119.534";"17898.805";"23625.590";"13569.070";" 8277.381";"11418.583";"17569.505";"16585.940";"15400.288";" 9190.379";" 4820.146";" 8104.654";"    0.000";"  102.647";"   64.411";"    0.000";"    0.000";"    0.000";"  103.487";"    0.000";"    0.000";"    0.000";"    0.000";"    0.000";"    0.000";"    0.000";"   43.791";"    0.000";"   96.305";"    0.000";"    0.000";"    0.000";"    0.000";"    0.000";"    0.000";"    0.000";"    0.000";"    0.000";"    0.000";"  114.257";"    0.000";"    0.000";"    0.000";"    0.000";"    0.000";"    0.000";"   52.876";"    0.000";"    0.000";"    0.000";"    0.000";"  111.253";"  206.760";"    0.000";"    0.000";"    0.000";"  226.698";"  234.631";"    0.000";"    0.000";"  189.400";"    0.000";"    0.000";"    0.000";"    0.000";"    0.000";"    0.000";"    0.000";"    0.000";"    0.000";"    0.000";"    0.000";"    0.000";"    0.000";"    0.000";"    0.000";"    0.000";"    0.000";"    0.000";"    0.000";"    0.000";"    0.000";"    0.000";"   54.783";"    0.000";"    0.000";"    0.000";"    0.000";"    0.000";"    0.000";"    0.000";"    0.000";"    0.000";"    0.000";"    0.000";"    0.000";"    0.000";"   72.530";"    0.000";"    0.000";"    0.000";"    0.000";"    0.000";"    0.000";"    0.000"
"3am";"12876.905";" 5438.052";" 5706.969";"18886.116";"24907.982";" 7952.802";"11650.759";"21614.155";"18157.953";"21040.673";"23459.314";"25285.583";"18580.977";"19408.136";"24234.351";"11964.658";"13162.418";"14525.577";"16935.554";"17851.358";"19203.160";" 6728.870";"12231.441";"11152.015";"15867.951";"11241.751";"13390.659";"12215.746";"20164.080";"18387.126";" 9986.280";"14139.557";"13119.534";"17898.805";"23625.590";"13569.070";" 8277.381";"11418.583";"17569.505";"16471.204";"15400.288";" 9255.171";" 4820.146";" 8104.654";"    0.000";"  102.647";"   64.411";"    0.000";"    0.000";"    0.000";"  103.487";"    0.000";"    0.000";"    0.000";"    0.000";"    0.000";"    0.000";"    0.000";"   43.791";"    0.000";"   96.305";"    0.000";"    0.000";"    0.000";"    0.000";"    0.000";"    0.000";"    0.000";"    0.000";"    0.000";"    0.000";"  114.257";"    0.000";"    0.000";"    0.000";"    0.000";"    0.000";"    0.000";"   52.876";"    0.000";"    0.000";"    0.000";"    0.000";"  111.253";"  206.760";"    0.000";"    0.000";"    0.000";"  226.698";"  234.631";"    0.000";"    0.000";"  140.447";"    0.000";"    0.000";"    0.000";"    0.000";"    0.000";"    0.000";"    0.000";"    0.000";"    0.000";"    0.000";"    0.000";"    0.000";"    0.000";"    0.000";"    0.000";"    0.000";"    0.000";"    0.000";"    0.000";"    0.000";"    0.000";"    0.000";"   54.783";"    0.000";"    0.000";"    0.000";"    0.000";"    0.000";"    0.000";"    0.000";"    0.000";"    0.000";"    0.000";"    0.000";"    0.000";"    0.000";"   72.530";"    0.000";"    0.000";"    0.000";"    0.000";"    0.000";"    0.000";"    0.000"
