"hour";"101";"102";"103";"104";"105";"106";"107";"108";"109";"110";"111";"112";"113";"114";"115";"116";"117";"118";"119";"120";"121";"122";"123";"124";"125";"126";"127";"128";"129";"130";"131";"132";"133";"134";"135";"136";"137";"138";"139";"140";"141";"142";"143";"201";"202";"203";"204";"205";"301";"302";"303";"304";"305";"306";"307";"308";"309";"310";"311";"312";"313";"314";"401";"402";"403";"501";"502";"503";"504";"505";"506";"507";"508";"509";"510";"511";"512";"513";"514";"515";"516";"517";"518";"519";"601";"602";"603";"701";"801";"802";"803";"804";"805";"806";"901";"902";"903"
"min";"0";"0";"0";"0";"0";"0";"0";"0";"0";"0";"0";"0";"0";"0";"0";"0";"0";"0";"0";"0";"0";"0";"0";"0";"0";"0";"0";"0";"0";"0";"0";"0";"0";"0";"0";"0";"0";"0";"0";"0";"0";"0";"0";"0";"0";"0";"0";"0";"0";"0";"0";"0";"0";"0";"0";"0";"0";"0";"0";"0";"0";"0";"0";"0";"0";"0";"0";"0";"0";"0";"0";"0";"0";"0";"0";"0";"0";"0";"0";"0";"0";"0";"0";"0";"0";"0";"0";"0";"0";"0";"0";"0";"0";"0";"0";"0";"0"
"max";"13399.004";"13399.004";"13399.004";"13399.004";"13399.004";"13399.004";"13399.004";"13399.004";"13399.004";"13399.004";"13399.004";"13399.004";"13399.004";"13399.004";"13399.004";"13399.004";"13399.004";"13399.004";"13399.004";"13399.004";"13399.004";"13399.004";"13399.004";"13399.004";"13399.004";"13399.004";"13399.004";"13399.004";"13399.004";"13399.004";"13399.004";"13399.004";"13399.004";"13399.004";"13399.004";"13399.004";"13399.004";"13399.004";"13399.004";"13399.004";"13399.004";"13399.004";"13399.004";"13399.004";"13399.004";"13399.004";"13399.004";"13399.004";"13399.004";"13399.004";"13399.004";"13399.004";"13399.004";"13399.004";"13399.004";"13399.004";"13399.004";"13399.004";"13399.004";"13399.004";"13399.004";"13399.004";"13399.004";"13399.004";"13399.004";"13399.004";"13399.004";"13399.004";"13399.004";"13399.004";"13399.004";"13399.004";"13399.004";"13399.004";"13399.004";"13399.004";"13399.004";"13399.004";"13399.004";"13399.004";"13399.004";"13399.004";"13399.004";"13399.004";"13399.004";"13399.004";"13399.004";"13399.004";"13399.004";"13399.004";"13399.004";"13399.004";"13399.004";"13399.004";"13399.004";"13399.004";"13399.004"
"4am";"3984.350";"6424.672";"2749.091";"2788.466";"3539.966";"3828.271";"1855.684";"2136.701";"3036.385";"5010.628";"4403.324";"5647.749";"3652.818";" 830.307";"4767.491";"7943.249";"1384.813";"3213.181";"3675.504";"5125.594";" 803.573";"2074.079";"3657.580";"1337.185";"1176.767";"3194.914";"4411.888";"1665.414";"2094.699";"2242.052";"3915.397";"2959.232";"2707.948";"4732.019";"5018.598";"2500.085";"2802.845";"1160.260";"3808.262";"3431.783";"1799.629";"3663.315";"5046.432";"8646.283";"3069.136";"6032.643";"3040.392";"9128.959";"4748.524";"1910.776";"4961.041";"4888.725";"5760.914";"2607.337";"2032.121";"3641.441";"2428.090";"2865.715";"1260.380";"2202.548";"3198.232";"3894.441";"1731.722";"2283.795";"5977.702";"3648.817";"1017.733";" 914.151";"2030.283";"2102.612";"1474.316";"1251.816";"1884.609";"1397.719";"2484.568";"2593.451";"5131.460";"3690.903";" 760.466";"3141.558";"2065.157";"1989.764";"2093.551";" 860.122";"6001.106";"3929.659";"7018.779";"5837.678";"2308.145";"1793.083";"4554.551";"1557.281";"2374.459";"5296.138";"1519.378";" 617.109";"4375.670"
"5am";"3857.649";"6424.672";"2775.906";"2625.688";"3480.627";"3913.088";"1778.756";"2291.457";"2920.312";"5025.288";"4356.452";"5792.974";"3813.017";" 809.517";"4702.998";"8075.946";"1356.375";"3179.697";"3749.584";"5228.550";" 816.078";"2062.966";"3545.938";"1297.793";"1152.254";"3147.172";"4443.002";"1557.737";"2099.049";"2226.235";"3982.764";"2878.888";"2707.948";"4679.156";"5325.993";"2464.682";"2753.282";"1146.819";"3761.674";"3386.586";"1890.973";"3634.227";"4920.812";"8829.544";"2944.924";"5951.675";"2988.050";"8783.064";"4748.524";"1910.776";"4820.511";"4824.424";"5827.548";"2555.972";"2032.121";"3572.419";"2478.779";"2865.715";"1260.380";"2168.421";"3131.415";"3858.937";"1704.937";"2249.801";"6063.581";"3772.034";" 953.736";" 877.488";"2114.097";"2043.412";"1474.316";"1238.723";"1845.151";"1397.719";"2484.568";"2566.297";"5123.031";"3568.388";" 753.443";"3154.642";"1948.095";"1869.318";"2028.216";" 832.825";"5857.627";"3888.218";"7070.914";"5837.678";"2311.425";"1770.684";"4576.950";"1484.319";"2349.811";"5190.185";"1507.478";" 598.169";"4324.000"
"6am";"3862.250";"6684.311";"2890.832";"2740.655";"3609.648";"4164.297";"1787.622";"2156.694";"3101.091";"5080.228";"4367.915";"6183.784";"3990.373";" 775.828";"4284.342";"7717.749";"1289.874";"3114.338";"4328.659";"5639.963";" 764.287";"2020.587";"3672.774";"1202.340";"1014.340";"3055.183";"4432.866";"1923.824";"1999.643";"2427.543";"4740.908";"2748.942";"2712.794";"4349.364";"5611.649";"2262.777";"2718.670";"1035.059";"3504.066";"3299.162";"1870.206";"3517.447";"4715.667";"8584.608";"2827.984";"5084.254";"2771.972";"8201.283";"4266.089";"2160.701";"4431.803";"4454.207";"5650.173";"2521.261";"1980.986";"3291.810";"2291.012";"2436.931";"1195.404";"2000.077";"2930.910";"3596.553";"1644.242";"2067.053";"5602.948";"3620.341";" 904.888";" 806.332";"1906.175";"1903.848";"1459.018";"1176.727";"1660.934";"1280.730";"2199.754";"2394.208";"4791.621";"3031.274";" 799.428";"3104.146";"1698.534";"1758.582";"1851.819";" 816.674";"5096.551";"3999.003";"6925.194";"5593.546";"2120.682";"1497.508";"4233.082";"1397.001";"2263.258";"5034.253";"1399.931";" 590.641";"3839.973"
"7am";"4490.765";"6881.861";"4201.821";"2403.171";"3617.227";"7656.180";"1827.032";"2015.804";"3496.920";"4768.245";"3928.463";"6104.092";"4345.659";" 682.531";"4699.344";"7465.036";"1126.807";"2533.984";"4943.398";"6817.641";" 554.515";"2889.173";"4232.852";" 963.806";"1081.341";"2538.222";"4609.637";"2111.057";"1810.935";"2133.193";"5096.739";"2673.728";"1765.231";"3753.916";"5598.670";"1704.059";"2627.428";" 845.474";"3419.060";"2641.023";"1884.401";"2951.490";"3889.130";"7725.344";"2774.894";"5312.563";"2128.414";"7503.046";"2927.521";"2434.740";"3416.671";"3745.305";"5761.624";"1881.317";"1494.710";"2668.160";"1947.325";"2171.049";" 885.564";"1601.698";"2975.185";"3162.974";"1225.485";"1911.496";"5107.507";"4544.618";" 803.030";" 777.564";"1666.854";"1580.191";"1073.931";" 956.084";"1399.914";" 889.532";"1730.613";"1767.569";"5328.771";"2925.600";" 688.092";"3166.956";"1591.190";"1418.028";"1506.064";" 699.052";"4239.371";"4466.290";"6004.415";"4779.117";"1733.132";"1134.144";"4062.337";"1320.186";"1991.560";"4815.816";"1149.218";" 508.944";"3103.750"
"8am";" 4611.834";" 8208.712";" 5108.008";" 3585.900";" 3743.129";"11991.922";" 1421.685";" 2345.853";" 3291.470";" 4862.111";" 3925.871";" 7027.125";" 4589.408";"  676.385";" 4992.979";" 7428.309";" 1109.167";" 2548.843";" 6166.515";" 9692.923";"  637.277";" 4375.694";" 4970.724";"  819.973";" 1031.630";" 2329.878";" 4804.167";" 2770.307";" 1514.058";" 2140.466";" 5278.034";" 2903.108";" 1130.910";" 4026.577";" 5566.363";" 1286.649";" 2103.377";"  659.004";" 3575.892";" 2284.978";" 1904.735";" 2429.425";" 2997.846";" 7377.128";" 2560.411";" 5011.626";" 2327.234";" 6613.905";" 2531.584";" 3377.189";" 2270.237";" 2780.836";" 5824.652";" 1637.245";" 1186.654";" 2350.977";" 1739.028";" 1968.388";"  719.171";" 1371.558";" 2696.699";" 3180.145";" 1024.080";" 2117.965";" 4560.767";" 5764.388";"  694.475";"  751.356";" 1760.058";" 1189.064";"  991.893";"  856.911";" 1045.141";"  736.462";" 1446.834";" 1598.172";" 4696.757";" 3658.229";"  616.403";" 2603.353";" 1587.261";" 1140.963";" 1395.685";"  484.766";" 4041.611";" 4917.567";" 5512.464";" 4575.480";" 1632.658";"  876.242";" 4460.049";" 1152.516";" 1697.749";" 4903.786";"  745.891";"  594.941";" 2915.131"
"9am";" 5784.502";" 7981.825";" 5138.161";" 3946.243";" 3610.960";"13399.004";" 1270.516";" 2267.498";" 3190.954";" 4433.885";" 3036.174";" 7361.877";" 4727.769";"  636.812";" 5141.242";" 6873.886";" 1066.492";" 2279.010";" 6657.509";"10313.476";"  575.378";" 5227.353";" 5601.239";"  722.747";" 1048.545";" 2314.279";" 5064.901";" 4691.936";" 1617.712";" 2050.908";" 6355.769";" 3020.827";" 1218.864";" 3581.177";" 5891.624";" 1157.893";" 1826.618";"  427.269";" 3367.431";" 2603.368";" 1690.069";" 2255.071";" 2754.168";" 7399.750";" 2578.609";" 4827.155";" 2352.204";" 6503.177";" 2191.740";" 3489.984";" 2179.536";" 2560.026";" 5772.272";" 1786.978";" 1162.141";" 2414.714";" 1505.339";" 1830.095";"  596.674";" 1113.108";" 2832.243";" 3129.313";" 1136.385";" 1877.991";" 4187.281";" 6165.301";"  652.866";"  668.555";" 1961.292";" 1215.764";"  928.986";"  829.824";"  974.662";"  585.169";" 1358.516";" 1531.043";" 4509.241";" 3571.747";"  605.653";" 2648.236";" 1671.524";"  898.602";" 1235.991";"  414.665";" 3886.262";" 5192.244";" 5149.534";" 4348.132";" 1566.604";"  725.458";" 4614.578";" 1296.743";" 1536.282";" 4920.294";"  647.308";"  608.565";" 2899.667"
"10am";" 6355.337";" 7995.649";" 5273.672";" 3494.105";" 3803.792";"12952.625";" 1219.632";" 2181.758";" 3438.146";" 4273.256";" 3247.828";" 7156.295";" 4958.804";"  564.039";" 5088.074";" 6724.584";" 1135.377";" 1995.586";" 6667.726";"10482.222";"  496.616";" 5007.690";" 5934.856";"  630.069";" 1045.332";" 2221.496";" 5247.427";" 4564.325";" 1515.864";" 2037.639";" 6691.683";" 4076.033";" 1108.031";" 3420.308";" 5673.533";" 1331.042";" 2060.718";"  471.926";" 3501.143";" 2245.714";" 1616.916";" 2379.046";" 2634.261";" 7277.505";" 2417.797";" 4631.716";" 2152.975";" 5976.556";" 2437.063";" 3451.962";" 2204.918";" 2669.896";" 5902.791";" 1726.183";" 1190.940";" 2247.725";" 1561.943";" 1885.444";"  565.375";" 1261.193";" 2722.697";" 2902.622";" 1114.837";" 1966.570";" 4162.439";" 6437.649";"  592.450";"  610.383";" 1815.261";" 1121.406";"  898.863";"  737.751";"  861.816";"  785.974";" 1361.613";" 1358.988";" 4761.622";" 3563.205";"  587.703";" 2665.804";" 1810.849";"  882.970";" 1295.862";"  415.621";" 3552.219";" 5122.259";" 5350.103";" 4166.438";" 1358.406";"  764.896";" 4663.132";" 1307.860";" 1506.884";" 4916.813";"  575.379";"  598.504";" 2870.714"
"11am";" 5991.149";" 7917.196";" 5389.081";" 3347.591";" 3822.406";"12957.577";" 1450.576";" 2145.494";" 3010.903";" 4816.705";" 3715.670";" 7049.462";" 4919.178";"  650.466";" 5325.738";" 6743.169";" 1305.062";" 2296.008";" 6920.706";" 9860.515";"  626.091";" 4978.526";" 5803.404";"  703.565";"  973.744";" 2186.178";" 5177.214";" 4180.931";" 1466.832";" 2130.575";" 6946.165";" 3263.224";"  950.306";" 3635.096";" 5061.122";" 1113.317";" 1914.130";"  503.882";" 3391.372";" 1937.251";" 1520.629";" 2317.407";" 3025.763";" 7177.198";" 2415.387";" 4860.238";" 2523.563";" 6515.599";" 2444.468";" 3384.115";" 2352.286";" 2669.808";" 5874.888";" 1512.624";" 1258.872";" 2293.664";" 1383.518";" 1851.683";"  608.107";" 1342.431";" 2736.283";" 3067.853";" 1152.008";" 1636.714";" 4504.347";" 6369.340";"  653.827";"  684.000";" 1354.303";" 1045.556";"  880.093";"  609.501";" 1098.786";"  696.156";" 1478.360";" 1299.686";" 4792.957";" 3403.066";"  513.229";" 2700.032";" 1648.849";" 1092.193";" 1314.699";"  457.716";" 3659.810";" 4475.454";" 5597.389";" 4123.758";" 1497.422";"  845.703";" 4429.459";" 1197.964";" 1703.763";" 4910.743";"  772.854";"  590.272";" 3015.663"
"12am";" 6346.093";" 7989.944";" 5033.049";" 3200.354";" 4030.253";"12299.501";" 1630.006";" 2170.294";" 3106.051";" 4744.197";" 3790.487";" 6582.293";" 4905.456";"  574.331";" 4465.623";" 7082.659";" 1164.722";" 2091.759";" 6661.602";" 9796.756";"  544.123";" 4634.035";" 5793.722";" 1055.510";" 1160.062";" 2155.845";" 5438.154";" 3659.498";" 1641.301";" 2766.211";" 6239.082";" 3661.468";" 1352.409";" 3676.841";" 5427.517";" 1695.940";" 1782.342";"  620.359";" 3050.901";" 1950.945";" 1618.393";" 2850.364";" 3262.127";" 7275.301";" 2413.289";" 4921.888";" 2447.506";" 6508.745";" 2705.735";" 2944.586";" 2498.268";" 2736.259";" 5981.389";" 1840.516";" 1311.550";" 2428.648";" 1360.095";" 1943.728";"  599.318";" 1439.635";" 2683.593";" 3229.282";" 1065.362";" 1897.307";" 4458.040";" 5720.721";"  685.577";"  694.068";" 1662.321";" 1186.659";" 1060.690";"  688.366";" 1123.116";"  743.077";" 1584.195";" 1495.050";" 5134.903";" 3615.722";"  509.891";" 2636.829";" 1753.541";" 1114.405";" 1363.206";"  568.863";" 3989.263";" 3913.500";" 6282.754";" 4081.231";" 1548.483";"  906.824";" 4195.478";" 1156.143";" 2021.652";" 4908.222";"  786.560";"  609.126";" 3272.724"
"1pm";" 5678.368";" 7627.702";" 6002.084";" 3210.987";" 3999.833";"13184.496";" 1405.622";" 2211.077";" 3200.203";" 4122.893";" 3405.679";" 6966.618";" 4764.605";"  633.780";" 5033.859";" 7411.611";" 1146.561";" 2179.234";" 6679.685";" 9529.496";"  577.457";" 5008.430";" 5520.947";"  872.917";" 1146.941";" 2079.240";" 5952.786";" 4026.024";" 1534.198";" 2311.839";" 5254.550";" 3240.006";" 1032.778";" 3775.234";" 6028.361";" 1488.554";" 1671.406";"  620.616";" 3185.774";" 1790.102";" 1319.673";" 2632.960";" 3128.955";" 6558.003";" 2660.945";" 4785.061";" 2460.956";" 5982.999";" 2560.381";" 3116.505";" 2310.015";" 2581.354";" 6071.127";" 1829.385";" 1348.134";" 2485.192";" 1344.218";" 1873.452";"  574.076";" 1387.613";" 2918.340";" 3128.275";" 1010.457";" 1753.669";" 4420.520";" 6191.652";"  527.185";"  628.459";" 2012.714";"  924.290";"  990.945";"  675.427";" 1095.831";"  687.285";" 1272.320";" 1292.548";" 4766.653";" 3796.071";"  509.374";" 2601.645";" 1677.592";" 1118.759";" 1359.111";"  442.682";" 4086.231";" 4306.914";" 5873.418";" 3983.155";" 1434.139";"  877.670";" 3982.759";" 1344.477";" 1863.690";" 4880.331";"  646.105";"  609.126";" 3053.448"
"2pm";" 6456.549";" 8080.684";" 5529.947";" 3692.929";" 3893.565";"12727.997";" 1464.649";" 2004.300";" 2806.155";" 4715.345";" 3370.889";" 6297.718";" 4440.225";"  723.715";" 4850.052";" 7278.536";" 1008.220";" 2406.610";" 6674.804";" 9993.891";"  639.834";" 4993.201";" 6087.743";"  920.466";" 1097.725";" 2310.516";" 5509.485";" 4870.704";" 1633.777";" 1903.778";" 5358.814";" 3700.230";"  912.587";" 3498.292";" 6276.299";" 1568.081";" 1940.380";"  620.980";" 3441.642";" 1773.593";" 1162.058";" 2617.707";" 2985.624";" 6114.775";" 2606.611";" 5041.513";" 2271.068";" 6697.279";" 2505.391";" 3115.034";" 2726.719";" 2859.184";" 5665.626";" 1705.560";" 1400.375";" 2448.280";" 1542.552";" 1781.335";"  555.837";" 1334.552";" 2802.183";" 3131.625";" 1035.804";" 1689.598";" 4354.801";" 6523.621";"  610.826";"  686.316";" 1829.137";" 1096.880";"  919.261";"  848.980";" 1090.102";"  596.465";" 1268.243";" 1266.270";" 4614.322";" 3713.622";"  440.260";" 2533.335";" 1456.443";" 1183.699";" 1437.462";"  414.955";" 4089.563";" 4584.451";" 5413.613";" 3894.334";" 1488.372";"  884.148";" 4138.110";" 1257.159";" 1809.465";" 4849.887";"  669.376";"  578.891";" 2851.743"
"3pm";" 7092.915";" 6934.490";" 5361.911";" 3603.860";" 3438.301";"12386.177";" 1120.083";" 1730.094";" 2879.435";" 4512.914";" 3413.781";" 6321.487";" 4810.695";"  748.810";" 4992.860";" 7246.505";" 1282.771";" 2200.809";" 6261.969";" 9449.122";"  625.126";" 4823.447";" 6365.499";"  910.203";" 1212.749";" 2115.716";" 5518.200";" 4348.139";" 1764.881";" 1918.267";" 5482.493";" 4187.340";"  878.858";" 3745.891";" 5742.656";" 1518.348";" 1789.063";"  672.124";" 3328.779";" 1912.362";" 1129.506";" 2539.284";" 3462.752";" 5928.928";" 2675.372";" 5050.708";" 2223.057";" 7740.705";" 2606.594";" 3239.070";" 2823.298";" 3134.106";" 5380.426";" 1818.385";" 1404.672";" 2340.931";" 1536.110";" 1845.319";"  595.911";" 1285.530";" 2757.571";" 2962.333";" 1132.040";" 1757.586";" 4340.549";" 6804.384";"  647.621";"  621.329";" 2235.260";" 1217.277";"  924.464";"  896.764";" 1071.308";"  652.411";" 1454.223";" 1229.981";" 4673.278";" 3700.957";"  361.996";" 2406.854";" 1234.491";" 1258.786";" 1319.995";"  430.832";" 4186.075";" 4562.135";" 5411.524";" 3941.546";" 1628.410";"  878.640";" 4180.941";" 1257.927";" 1715.802";" 4780.956";"  830.062";"  503.369";" 2958.958"
"4pm";" 5630.389";" 7419.037";" 5337.871";" 3388.818";" 3176.086";"10208.442";" 1523.916";" 1822.526";" 2658.226";" 3971.343";" 3736.132";" 6284.815";" 4560.703";"  803.410";" 4532.633";" 7213.526";" 1216.351";" 2350.710";" 5903.058";" 8302.441";"  802.883";" 4086.095";" 6021.090";"  855.513";" 1093.917";" 2306.303";" 5566.645";" 3901.803";" 1817.564";" 1961.359";" 5003.427";" 4086.580";" 1031.979";" 4099.856";" 5326.708";" 1250.571";" 2084.670";"  765.354";" 3053.780";" 2109.008";" 1342.846";" 2508.767";" 3933.922";" 6395.637";" 2440.927";" 4970.971";" 2323.852";" 7558.100";" 2689.591";" 2931.979";" 2654.239";" 3146.548";" 5256.515";" 2285.591";" 1491.000";" 2520.383";" 1706.015";" 2103.037";"  590.928";" 1348.950";" 2780.888";" 2873.243";" 1332.560";" 2155.667";" 4422.187";" 6026.116";"  675.050";"  635.393";" 2287.982";" 1259.483";"  999.728";" 1039.326";" 1158.735";"  730.907";" 1438.778";" 1561.126";" 4485.073";" 4284.959";"  408.436";" 2673.977";" 1808.279";" 1318.781";" 1431.691";"  486.134";" 4547.602";" 4452.743";" 5719.361";" 4163.414";" 1620.839";" 1105.355";" 4237.451";" 1156.956";" 1590.092";" 4681.534";"  758.850";"  503.369";" 3420.011"
"5pm";"5443.554";"7136.744";"4205.005";"2998.619";"3358.355";"8082.333";"1966.022";"1618.062";"3023.631";"3826.071";"3473.365";"5972.871";"3601.338";" 836.237";"4219.897";"6647.684";"1399.722";"2421.818";"4433.408";"7222.458";" 724.059";"3222.022";"4961.953";"1007.112";"1218.000";"2923.201";"4733.477";"3594.215";"1819.060";"2153.302";"5574.922";"3539.732";"1468.470";"4527.608";"5166.728";"1931.337";"2233.626";" 972.046";"3230.087";"2564.691";"1342.692";"3046.841";"4215.345";"7838.818";"2637.489";"5188.258";"2818.742";"7504.352";"3051.498";"2484.462";"3378.636";"3336.878";"5473.790";"2321.149";"1425.900";"2726.890";"1568.529";"2232.538";" 817.666";"1579.664";"3101.345";"3119.555";"1257.988";"2320.006";"4652.499";"5437.435";" 839.928";" 751.666";"2417.862";"1145.527";"1098.220";"1205.029";"1355.696";" 812.522";"1771.596";"1720.432";"4404.427";"3789.953";" 623.569";"2666.100";"1892.104";"1437.284";"1731.060";" 640.372";"4735.494";"4636.407";"5672.958";"4827.433";"1872.140";"1446.585";"4080.243";"1321.703";"2011.058";"4749.419";" 865.195";" 493.527";"3865.418"
"6pm";"5543.006";"6472.901";"3161.238";"2567.260";"3396.177";"5130.109";"1823.499";"2069.952";"3006.268";"4181.760";"3500.026";"5739.750";"3862.361";" 851.898";"5289.353";"7205.536";"1342.216";"2953.256";"3662.430";"6543.886";" 740.128";"2517.440";"4242.229";"1124.400";"1209.563";"3056.459";"4195.038";"3179.084";"1912.233";"2236.236";"4512.023";"4190.069";"1701.557";"4158.978";"5020.555";"1980.819";"2161.231";" 960.058";"3553.418";"3070.055";"1469.898";"2988.312";"4690.993";"8733.343";"2639.665";"5406.410";"2981.334";"8233.326";"3687.204";"2450.617";"3881.591";"3845.622";"5755.486";"2858.662";"1799.536";"3216.128";"1976.598";"2646.620";" 943.560";"1873.190";"2927.092";"3740.441";"1595.830";"2213.483";"5012.003";"4714.681";" 859.160";" 763.333";"2609.550";"1390.645";"1241.443";"1289.233";"1495.016";"1075.146";"2045.426";"2354.164";"4691.325";"3611.170";" 678.209";"3053.581";"1827.853";"1711.648";"1836.963";" 636.106";"5477.405";"3958.824";"5857.646";"5236.441";"2026.030";"1601.193";"4614.496";"1320.980";"2097.611";"4790.007";"1219.850";" 529.045";"4185.765"
"7pm";"5554.266";"6536.637";"2923.227";"2899.930";"3481.500";"4035.151";"1609.068";"2224.046";"3036.790";"4449.471";"4022.757";"5562.316";"3757.989";" 852.421";"4949.908";"7561.301";"1424.403";"3085.678";"3996.970";"5499.406";" 912.177";"2099.039";"3720.962";"1191.437";"1259.694";"3122.888";"4131.008";"2965.784";"2095.785";"2545.546";"4935.110";"3270.050";"2095.498";"4774.586";"4560.995";"2185.607";"2440.501";" 982.684";"4054.291";"3162.111";"1389.353";"3417.659";"4909.695";"8931.200";"2749.326";"5648.459";"2959.013";"8750.438";"4339.670";"1788.487";"4124.378";"4623.367";"5962.197";"2712.021";"1960.500";"3433.224";"2231.761";"2743.168";"1154.193";"2121.731";"3039.592";"3880.377";"1621.895";"2295.732";"5290.441";"4367.749";" 867.647";" 838.083";"2056.747";"2020.022";"1360.556";"1154.876";"1830.179";"1217.446";"2192.352";"2494.356";"5006.011";"3612.084";" 787.422";"3223.819";"1908.185";"2037.348";"1881.728";" 671.564";"5745.471";"3823.028";"6518.892";"5333.214";"2191.201";"1619.550";"4334.291";"1495.400";"2374.459";"5208.399";"1342.608";" 561.859";"4311.897"
"8pm";"5412.771";"6046.414";"3080.155";"2907.917";"3508.474";"4126.466";"1699.727";"2354.980";"3039.578";"4565.365";"3945.213";"5741.498";"4011.034";" 897.603";"5120.787";"7902.205";"1524.894";"2923.444";"3933.156";"4909.452";" 886.070";"2035.521";"3764.328";"1228.741";"1182.312";"3021.279";"4040.560";"2350.807";"1986.950";"2195.686";"5218.895";"3139.439";"2484.338";"4581.718";"4479.003";"2506.603";"2604.101";"1156.335";"4360.292";"3365.446";"1604.092";"3545.757";"4924.177";"8485.655";"2831.452";"5622.535";"2957.089";"9044.599";"4814.934";"1815.499";"4615.747";"4485.957";"5904.995";"2730.054";"2032.121";"3566.287";"2346.883";"2627.943";"1269.102";"2224.796";"3008.059";"3897.398";"1588.733";"2261.001";"5474.381";"4256.446";" 868.514";" 840.716";"2084.718";"2028.021";"1396.848";"1203.459";"1790.562";"1251.033";"2388.158";"2507.066";"5159.385";"3753.545";" 793.341";"3136.153";"2218.551";"2055.490";"1944.339";" 746.761";"6168.494";"4341.245";"6713.549";"5912.574";"2212.215";"1661.668";"4400.239";"1521.487";"2464.155";"5276.285";"1431.552";" 579.448";"4367.609"
"9pm";"4964.896";"6172.249";"3067.280";"2651.956";"3879.253";"4034.087";"1769.866";"2395.734";"2993.721";"4989.883";"4131.189";"5763.399";"3998.477";" 930.512";"5162.267";"8008.530";"1471.921";"3201.967";"3952.151";"4675.645";" 803.573";"1866.998";"3684.492";"1228.741";"1161.652";"3146.783";"4001.159";"2311.052";"2038.835";"2207.541";"4387.345";"2760.101";"2650.140";"4715.235";"4595.445";"2526.915";"2725.963";"1156.335";"4382.283";"3472.214";"1624.949";"3545.757";"4924.177";"8359.006";"2956.932";"5704.857";"2983.465";"9005.859";"4867.566";"1792.987";"4646.613";"4697.112";"5682.752";"2702.364";"2054.298";"3591.700";"2282.182";"2812.683";"1269.102";"2239.282";"3022.545";"3946.023";"1805.434";"2267.174";"5929.839";"4223.420";" 924.110";" 868.664";"2027.298";"1999.482";"1461.622";"1236.363";"1859.201";"1307.637";"2461.025";"2568.324";"5149.626";"3550.293";" 839.738";"3186.301";"2142.959";"2055.490";"1988.294";" 887.885";"6024.397";"4393.696";"6713.549";"5912.574";"2235.496";"1677.825";"4355.872";"1695.943";"2488.803";"5208.399";"1476.975";" 588.327";"4367.609"
"10pm";"4665.856";"6827.444";"2621.856";"2626.624";"3614.423";"3750.924";"1776.906";"2395.734";"2958.011";"4867.525";"4264.367";"5707.463";"3867.115";" 930.512";"5143.106";"8175.245";"1422.779";"3358.934";"3785.521";"4911.510";" 867.225";"1997.990";"3714.757";"1289.226";"1149.899";"3197.322";"4162.716";"1664.676";"2038.835";"2237.860";"4318.018";"2780.854";"2676.369";"4693.224";"4929.343";"2563.689";"2663.703";"1167.812";"4404.970";"3404.560";"1631.281";"3587.807";"4950.692";"8330.716";"3023.574";"5787.179";"3134.426";"9345.926";"4851.899";"1838.363";"4786.811";"4823.258";"5818.420";"2673.843";"2054.298";"3677.901";"2368.452";"2917.114";"1318.906";"2212.778";"3179.061";"3810.663";"1637.630";"2392.153";"5838.399";"4012.604";" 968.157";" 892.163";"2132.632";"2033.759";"1474.316";"1252.482";"1898.828";"1341.319";"2484.568";"2592.850";"5216.287";"3409.084";" 841.949";"3179.278";"2141.663";"2003.820";"1972.175";" 906.089";"6176.326";"4162.891";"6792.425";"5801.956";"2256.510";"1702.904";"4572.186";"1609.455";"2423.755";"5330.522";"1529.546";" 608.449";"4419.279"
"11pm";"4336.523";"6578.061";"2519.170";"2700.816";"3813.330";"3746.249";"1841.648";"2110.605";"2958.011";"4781.856";"4264.367";"5609.907";"3867.115";" 946.739";"4957.126";"8285.863";"1422.779";"3289.867";"3704.665";"5008.771";" 867.225";"1986.513";"3726.931";"1299.881";"1149.899";"3150.942";"4194.962";"1489.115";"2038.835";"2238.951";"4235.928";"2810.492";"2702.598";"4838.073";"5163.833";"2544.529";"2772.645";"1179.289";"4234.984";"3404.560";"1692.324";"3695.681";"5000.730";"8330.716";"3023.574";"5787.179";"3134.426";"9641.461";"4946.987";"1870.875";"4939.161";"4817.540";"6093.014";"2673.843";"2076.475";"3677.901";"2446.311";"2985.655";"1318.906";"2212.778";"3210.236";"3874.876";"1616.338";"2335.884";"5984.681";"3661.017";" 981.265";" 903.157";"2106.610";"2104.780";"1474.316";"1252.482";"1898.828";"1352.283";"2580.978";"2592.850";"5378.893";"3332.575";" 784.646";"3250.084";"2130.699";"2028.059";"2099.209";" 906.089";"6176.326";"4057.969";"7231.924";"5801.956";"2303.072";"1741.652";"4603.666";"1609.455";"2423.755";"5330.522";"1543.509";" 608.449";"4470.949"
"12pm";"4314.124";"6510.843";"2521.376";"2743.038";"3789.018";"3746.249";"1841.648";"2066.177";"3014.442";"4878.322";"4264.367";"5586.916";"3846.277";" 850.273";"4913.705";"8128.193";"1422.779";"3336.247";"3728.025";"4988.517";" 867.225";"1986.513";"3670.500";"1299.881";"1149.899";"3150.942";"4169.898";"1504.075";"2090.720";"2236.825";"4151.362";"2810.492";"2702.598";"5020.995";"5163.833";"2608.204";"2772.645";"1190.766";"4155.278";"3404.560";"1692.324";"3695.681";"5059.023";"8586.094";"3192.936";"5787.179";"3134.426";"9439.861";"4946.987";"1870.875";"5005.611";"4880.699";"6090.276";"2673.843";"2076.475";"3677.901";"2446.311";"3028.356";"1318.906";"2212.778";"3241.411";"3927.092";"1704.937";"2365.491";"5984.681";"3650.023";"1005.577";" 914.151";"2106.610";"2104.780";"1474.316";"1284.720";"1920.675";"1397.719";"2580.978";"2592.850";"5378.893";"3332.575";" 821.904";"3220.167";"2130.699";"2028.059";"2099.209";" 906.089";"6176.326";"4057.969";"7231.924";"5837.678";"2303.072";"1741.652";"4603.666";"1609.455";"2423.755";"5384.759";"1543.509";" 608.449";"4470.949"
"1am";"4114.832";"6499.181";"2521.376";"2743.038";"3723.218";"3746.249";"1841.648";"2066.177";"3014.442";"4878.322";"4264.367";"5733.214";"3821.136";" 850.273";"4849.212";"8096.614";"1422.779";"3336.247";"3805.725";"4988.517";" 867.225";"1986.513";"3670.500";"1299.881";"1149.899";"3150.942";"4269.560";"1504.075";"2090.720";"2236.825";"4217.524";"2810.492";"2734.177";"4954.833";"5216.827";"2608.204";"2772.645";"1190.766";"4155.278";"3404.560";"1692.324";"3759.730";"5059.023";"8586.094";"3123.306";"5787.179";"3134.426";"9439.861";"4946.987";"1870.875";"5005.611";"4880.699";"6090.276";"2673.843";"2076.475";"3677.901";"2446.311";"3028.356";"1318.906";"2212.778";"3241.411";"3927.092";"1731.722";"2365.491";"5984.681";"3650.023";"1005.577";" 914.151";"2106.610";"2104.780";"1474.316";"1300.839";"1945.816";"1397.719";"2580.978";"2592.850";"5378.893";"3332.575";" 821.904";"3277.897";"2130.699";"2028.059";"2099.209";" 906.089";"6176.326";"4057.969";"7231.924";"5837.678";"2303.072";"1764.051";"4603.666";"1609.455";"2423.755";"5374.104";"1543.509";" 608.449";"4535.345"
"2am";"4070.089";"6402.715";"2521.376";"2743.038";"3723.218";"3683.090";"1841.648";"2110.920";"3014.442";"4974.788";"4264.367";"5733.214";"3821.136";" 850.273";"4849.212";"8096.614";"1436.998";"3336.247";"3793.825";"4988.517";" 867.225";"1977.574";"3670.500";"1310.536";"1149.899";"3150.942";"4269.560";"1504.075";"2126.508";"2236.825";"4168.762";"2810.492";"2734.177";"4954.833";"5202.608";"2608.204";"2815.045";"1190.766";"4112.878";"3404.560";"1692.324";"3759.730";"5059.023";"8586.094";"3123.306";"5787.179";"3134.426";"9319.004";"4946.987";"1870.875";"5054.373";"4943.858";"6090.276";"2673.843";"2076.475";"3677.901";"2446.311";"3028.356";"1318.906";"2212.778";"3241.411";"3927.092";"1731.722";"2365.491";"5984.681";"3650.023";"1005.577";" 914.151";"2106.610";"2104.780";"1474.316";"1300.839";"1945.816";"1397.719";"2580.978";"2592.850";"5378.893";"3381.881";" 821.904";"3298.652";"2130.699";"2028.059";"2099.209";" 885.334";"6176.326";"4057.969";"7231.924";"5837.678";"2303.072";"1764.051";"4603.666";"1609.455";"2423.755";"5374.104";"1555.409";" 608.449";"4535.345"
"3am";"4070.089";"6402.715";"2521.376";"2743.038";"3723.218";"3683.090";"1841.648";"2110.920";"3014.442";"4974.788";"4264.367";"5733.214";"3821.136";" 850.273";"4849.212";"8096.614";"1436.998";"3336.247";"3793.825";"4988.517";" 867.225";"1977.574";"3670.500";"1310.536";"1149.899";"3242.656";"4269.560";"1504.075";"2126.508";"2215.987";"4168.762";"2795.507";"2734.177";"5030.183";"5202.608";"2608.204";"2878.204";"1171.737";"4112.878";"3404.560";"1692.324";"3759.730";"5059.023";"8586.094";"3123.306";"5787.179";"3134.426";"9319.004";"4871.637";"1870.875";"5054.373";"4880.699";"5998.562";"2688.828";"2076.475";"3677.901";"2428.090";"3028.356";"1318.906";"2212.778";"3241.411";"3877.633";"1731.722";"2365.491";"5984.681";"3650.023";"1005.577";" 914.151";"2106.610";"2104.780";"1474.316";"1300.839";"1945.816";"1397.719";"2580.978";"2592.850";"5378.893";"3375.339";" 829.974";"3269.827";"2130.699";"2028.059";"2099.209";" 891.876";"6176.326";"4057.969";"7231.924";"5837.678";"2303.072";"1764.051";"4603.666";"1609.455";"2423.755";"5374.104";"1555.409";" 608.449";"4535.345"
